~/Desktop/AV/IMG/img_1.jpg,12.75,25
~/Desktop/AV/IMG/img_2.jpg,12.75,25
~/Desktop/AV/IMG/img_3.jpg,12.75,25
~/Desktop/AV/IMG/img_4.jpg,12.75,25
~/Desktop/AV/IMG/img_5.jpg,12.75,25
~/Desktop/AV/IMG/img_6.jpg,12.75,25
~/Desktop/AV/IMG/img_7.jpg,12.75,25
~/Desktop/AV/IMG/img_8.jpg,12.75,25
~/Desktop/AV/IMG/img_9.jpg,12.75,25
~/Desktop/AV/IMG/img_10.jpg,12.75,25
~/Desktop/AV/IMG/img_11.jpg,12.75,25
~/Desktop/AV/IMG/img_12.jpg,12.75,25
~/Desktop/AV/IMG/img_13.jpg,12.75,25
~/Desktop/AV/IMG/img_14.jpg,12.75,25
~/Desktop/AV/IMG/img_15.jpg,12.75,25
~/Desktop/AV/IMG/img_16.jpg,12.75,25
~/Desktop/AV/IMG/img_17.jpg,12.75,55
~/Desktop/AV/IMG/img_18.jpg,12.75,55
~/Desktop/AV/IMG/img_19.jpg,12.75,55
~/Desktop/AV/IMG/img_20.jpg,12.75,55
~/Desktop/AV/IMG/img_21.jpg,12.75,55
~/Desktop/AV/IMG/img_22.jpg,12.75,55
~/Desktop/AV/IMG/img_23.jpg,12.75,55
~/Desktop/AV/IMG/img_24.jpg,12.75,55
~/Desktop/AV/IMG/img_25.jpg,12.75,55
~/Desktop/AV/IMG/img_26.jpg,12.75,55
~/Desktop/AV/IMG/img_27.jpg,12.75,55
~/Desktop/AV/IMG/img_28.jpg,12.75,55
~/Desktop/AV/IMG/img_29.jpg,12.75,55
~/Desktop/AV/IMG/img_30.jpg,12.75,55
~/Desktop/AV/IMG/img_31.jpg,15.0,55
~/Desktop/AV/IMG/img_32.jpg,15.0,55
~/Desktop/AV/IMG/img_33.jpg,15.0,55
~/Desktop/AV/IMG/img_34.jpg,15.0,55
~/Desktop/AV/IMG/img_35.jpg,12.75,55
~/Desktop/AV/IMG/img_36.jpg,12.75,55
~/Desktop/AV/IMG/img_37.jpg,12.75,55
~/Desktop/AV/IMG/img_38.jpg,12.75,55
~/Desktop/AV/IMG/img_39.jpg,12.75,55
~/Desktop/AV/IMG/img_40.jpg,12.75,55
~/Desktop/AV/IMG/img_41.jpg,12.75,55
~/Desktop/AV/IMG/img_42.jpg,15.0,55
~/Desktop/AV/IMG/img_43.jpg,15.0,55
~/Desktop/AV/IMG/img_44.jpg,15.0,55
~/Desktop/AV/IMG/img_45.jpg,15.0,55
~/Desktop/AV/IMG/img_46.jpg,15.0,55
~/Desktop/AV/IMG/img_47.jpg,15.0,55
~/Desktop/AV/IMG/img_48.jpg,15.0,55
~/Desktop/AV/IMG/img_49.jpg,15.0,55
~/Desktop/AV/IMG/img_50.jpg,12.75,55
~/Desktop/AV/IMG/img_51.jpg,12.75,55
~/Desktop/AV/IMG/img_52.jpg,12.75,55
~/Desktop/AV/IMG/img_53.jpg,12.75,55
~/Desktop/AV/IMG/img_54.jpg,12.75,55
~/Desktop/AV/IMG/img_55.jpg,12.75,55
~/Desktop/AV/IMG/img_56.jpg,12.75,55
~/Desktop/AV/IMG/img_57.jpg,12.75,55
~/Desktop/AV/IMG/img_58.jpg,12.75,55
~/Desktop/AV/IMG/img_59.jpg,12.75,55
~/Desktop/AV/IMG/img_60.jpg,12.75,55
~/Desktop/AV/IMG/img_61.jpg,17.0,55
~/Desktop/AV/IMG/img_62.jpg,17.0,55
~/Desktop/AV/IMG/img_63.jpg,17.0,55
~/Desktop/AV/IMG/img_64.jpg,17.0,55
~/Desktop/AV/IMG/img_65.jpg,17.0,55
~/Desktop/AV/IMG/img_66.jpg,17.0,55
~/Desktop/AV/IMG/img_67.jpg,17.0,55
~/Desktop/AV/IMG/img_68.jpg,17.0,55
~/Desktop/AV/IMG/img_69.jpg,17.0,55
~/Desktop/AV/IMG/img_70.jpg,17.0,55
~/Desktop/AV/IMG/img_71.jpg,17.0,55
~/Desktop/AV/IMG/img_72.jpg,17.0,55
~/Desktop/AV/IMG/img_73.jpg,17.0,55
~/Desktop/AV/IMG/img_74.jpg,17.0,55
~/Desktop/AV/IMG/img_75.jpg,17.0,55
~/Desktop/AV/IMG/img_76.jpg,17.0,55
~/Desktop/AV/IMG/img_77.jpg,17.0,55
~/Desktop/AV/IMG/img_78.jpg,17.0,55
~/Desktop/AV/IMG/img_79.jpg,17.0,55
~/Desktop/AV/IMG/img_80.jpg,17.0,55
~/Desktop/AV/IMG/img_81.jpg,17.0,55
~/Desktop/AV/IMG/img_82.jpg,17.0,55
~/Desktop/AV/IMG/img_83.jpg,17.0,55
~/Desktop/AV/IMG/img_84.jpg,17.0,55
~/Desktop/AV/IMG/img_85.jpg,17.0,55
~/Desktop/AV/IMG/img_86.jpg,12.75,55
~/Desktop/AV/IMG/img_87.jpg,12.75,55
~/Desktop/AV/IMG/img_88.jpg,12.75,55
~/Desktop/AV/IMG/img_89.jpg,12.75,55
~/Desktop/AV/IMG/img_90.jpg,12.75,55
~/Desktop/AV/IMG/img_91.jpg,12.75,55
~/Desktop/AV/IMG/img_92.jpg,12.75,55
~/Desktop/AV/IMG/img_93.jpg,12.75,55
~/Desktop/AV/IMG/img_94.jpg,12.75,55
~/Desktop/AV/IMG/img_95.jpg,12.75,55
~/Desktop/AV/IMG/img_96.jpg,12.75,55
~/Desktop/AV/IMG/img_97.jpg,12.75,55
~/Desktop/AV/IMG/img_98.jpg,12.75,55
~/Desktop/AV/IMG/img_99.jpg,12.75,55
~/Desktop/AV/IMG/img_100.jpg,17.0,55
~/Desktop/AV/IMG/img_101.jpg,17.0,55
~/Desktop/AV/IMG/img_102.jpg,17.0,55
~/Desktop/AV/IMG/img_103.jpg,17.0,55
~/Desktop/AV/IMG/img_104.jpg,17.0,55
~/Desktop/AV/IMG/img_105.jpg,17.0,55
~/Desktop/AV/IMG/img_106.jpg,17.0,55
~/Desktop/AV/IMG/img_107.jpg,17.0,55
~/Desktop/AV/IMG/img_108.jpg,17.0,55
~/Desktop/AV/IMG/img_109.jpg,17.0,55
~/Desktop/AV/IMG/img_110.jpg,17.0,55
~/Desktop/AV/IMG/img_111.jpg,17.0,55
~/Desktop/AV/IMG/img_112.jpg,17.0,55
~/Desktop/AV/IMG/img_113.jpg,17.0,55
~/Desktop/AV/IMG/img_114.jpg,17.0,55
~/Desktop/AV/IMG/img_115.jpg,17.0,55
~/Desktop/AV/IMG/img_116.jpg,17.0,55
~/Desktop/AV/IMG/img_117.jpg,17.0,55
~/Desktop/AV/IMG/img_118.jpg,17.0,55
~/Desktop/AV/IMG/img_119.jpg,17.0,55
~/Desktop/AV/IMG/img_120.jpg,17.0,55
~/Desktop/AV/IMG/img_121.jpg,17.0,55
~/Desktop/AV/IMG/img_122.jpg,17.0,55
~/Desktop/AV/IMG/img_123.jpg,17.0,55
~/Desktop/AV/IMG/img_124.jpg,17.0,55
~/Desktop/AV/IMG/img_125.jpg,17.0,55
~/Desktop/AV/IMG/img_126.jpg,17.0,55
~/Desktop/AV/IMG/img_127.jpg,17.0,55
~/Desktop/AV/IMG/img_128.jpg,17.0,55
~/Desktop/AV/IMG/img_129.jpg,17.0,55
~/Desktop/AV/IMG/img_130.jpg,12.75,55
~/Desktop/AV/IMG/img_131.jpg,12.75,55
~/Desktop/AV/IMG/img_132.jpg,12.75,55
~/Desktop/AV/IMG/img_133.jpg,12.75,55
~/Desktop/AV/IMG/img_134.jpg,12.75,55
~/Desktop/AV/IMG/img_135.jpg,12.75,55
~/Desktop/AV/IMG/img_136.jpg,12.75,55
~/Desktop/AV/IMG/img_137.jpg,11.0,55
~/Desktop/AV/IMG/img_138.jpg,11.0,55
~/Desktop/AV/IMG/img_139.jpg,11.0,55
~/Desktop/AV/IMG/img_140.jpg,11.0,55
~/Desktop/AV/IMG/img_141.jpg,12.75,55
~/Desktop/AV/IMG/img_142.jpg,12.75,55
~/Desktop/AV/IMG/img_143.jpg,12.75,55
~/Desktop/AV/IMG/img_144.jpg,12.75,55
~/Desktop/AV/IMG/img_145.jpg,12.75,55
~/Desktop/AV/IMG/img_146.jpg,15.0,55
~/Desktop/AV/IMG/img_147.jpg,15.0,55
~/Desktop/AV/IMG/img_148.jpg,15.0,55
~/Desktop/AV/IMG/img_149.jpg,15.0,55
~/Desktop/AV/IMG/img_150.jpg,15.0,55
~/Desktop/AV/IMG/img_151.jpg,15.0,55
~/Desktop/AV/IMG/img_152.jpg,15.0,55
~/Desktop/AV/IMG/img_153.jpg,12.75,55
~/Desktop/AV/IMG/img_154.jpg,12.75,55
~/Desktop/AV/IMG/img_155.jpg,12.75,55
~/Desktop/AV/IMG/img_156.jpg,12.75,55
~/Desktop/AV/IMG/img_157.jpg,12.75,55
~/Desktop/AV/IMG/img_158.jpg,12.75,55
~/Desktop/AV/IMG/img_159.jpg,12.75,55
~/Desktop/AV/IMG/img_160.jpg,17.0,55
~/Desktop/AV/IMG/img_161.jpg,17.0,55
~/Desktop/AV/IMG/img_162.jpg,17.0,55
~/Desktop/AV/IMG/img_163.jpg,17.0,55
~/Desktop/AV/IMG/img_164.jpg,17.0,55
~/Desktop/AV/IMG/img_165.jpg,17.0,55
~/Desktop/AV/IMG/img_166.jpg,17.0,55
~/Desktop/AV/IMG/img_167.jpg,17.0,55
~/Desktop/AV/IMG/img_168.jpg,17.0,55
~/Desktop/AV/IMG/img_169.jpg,17.0,55
~/Desktop/AV/IMG/img_170.jpg,17.0,55
~/Desktop/AV/IMG/img_171.jpg,17.0,55
~/Desktop/AV/IMG/img_172.jpg,17.0,55
~/Desktop/AV/IMG/img_173.jpg,17.0,55
~/Desktop/AV/IMG/img_174.jpg,17.0,55
~/Desktop/AV/IMG/img_175.jpg,17.0,55
~/Desktop/AV/IMG/img_176.jpg,17.0,55
~/Desktop/AV/IMG/img_177.jpg,17.0,55
~/Desktop/AV/IMG/img_178.jpg,17.0,55
~/Desktop/AV/IMG/img_179.jpg,17.0,55
~/Desktop/AV/IMG/img_180.jpg,17.0,55
~/Desktop/AV/IMG/img_181.jpg,17.0,55
~/Desktop/AV/IMG/img_182.jpg,17.0,55
~/Desktop/AV/IMG/img_183.jpg,17.0,55
~/Desktop/AV/IMG/img_184.jpg,17.0,55
~/Desktop/AV/IMG/img_185.jpg,12.75,55
~/Desktop/AV/IMG/img_186.jpg,12.75,55
~/Desktop/AV/IMG/img_187.jpg,12.75,55
~/Desktop/AV/IMG/img_188.jpg,12.75,55
~/Desktop/AV/IMG/img_189.jpg,12.75,55
~/Desktop/AV/IMG/img_190.jpg,12.75,55
~/Desktop/AV/IMG/img_191.jpg,12.75,55
~/Desktop/AV/IMG/img_192.jpg,12.75,55
~/Desktop/AV/IMG/img_193.jpg,12.75,55
~/Desktop/AV/IMG/img_194.jpg,12.75,55
~/Desktop/AV/IMG/img_195.jpg,17.0,55
~/Desktop/AV/IMG/img_196.jpg,17.0,55
~/Desktop/AV/IMG/img_197.jpg,17.0,55
~/Desktop/AV/IMG/img_198.jpg,17.0,55
~/Desktop/AV/IMG/img_199.jpg,17.0,55
~/Desktop/AV/IMG/img_200.jpg,17.0,55
~/Desktop/AV/IMG/img_201.jpg,17.0,55
~/Desktop/AV/IMG/img_202.jpg,17.0,55
~/Desktop/AV/IMG/img_203.jpg,17.0,55
~/Desktop/AV/IMG/img_204.jpg,17.0,55
~/Desktop/AV/IMG/img_205.jpg,17.0,55
~/Desktop/AV/IMG/img_206.jpg,17.0,55
~/Desktop/AV/IMG/img_207.jpg,17.0,55
~/Desktop/AV/IMG/img_208.jpg,17.0,55
~/Desktop/AV/IMG/img_209.jpg,17.0,55
~/Desktop/AV/IMG/img_210.jpg,17.0,55
~/Desktop/AV/IMG/img_211.jpg,17.0,55
~/Desktop/AV/IMG/img_212.jpg,17.0,55
~/Desktop/AV/IMG/img_213.jpg,17.0,55
~/Desktop/AV/IMG/img_214.jpg,17.0,55
~/Desktop/AV/IMG/img_215.jpg,17.0,55
~/Desktop/AV/IMG/img_216.jpg,17.0,55
~/Desktop/AV/IMG/img_217.jpg,17.0,55
~/Desktop/AV/IMG/img_218.jpg,17.0,55
~/Desktop/AV/IMG/img_219.jpg,17.0,55
~/Desktop/AV/IMG/img_220.jpg,17.0,55
~/Desktop/AV/IMG/img_221.jpg,17.0,55
~/Desktop/AV/IMG/img_222.jpg,17.0,55
~/Desktop/AV/IMG/img_223.jpg,17.0,55
~/Desktop/AV/IMG/img_224.jpg,17.0,55
~/Desktop/AV/IMG/img_225.jpg,17.0,55
~/Desktop/AV/IMG/img_226.jpg,12.75,55
~/Desktop/AV/IMG/img_227.jpg,12.75,55
~/Desktop/AV/IMG/img_228.jpg,11.0,55
~/Desktop/AV/IMG/img_229.jpg,11.0,55
~/Desktop/AV/IMG/img_230.jpg,11.0,55
~/Desktop/AV/IMG/img_231.jpg,11.0,55
~/Desktop/AV/IMG/img_232.jpg,11.0,55
~/Desktop/AV/IMG/img_233.jpg,11.0,55
~/Desktop/AV/IMG/img_234.jpg,11.0,55
~/Desktop/AV/IMG/img_235.jpg,11.0,55
~/Desktop/AV/IMG/img_236.jpg,11.0,55
~/Desktop/AV/IMG/img_237.jpg,11.0,55
~/Desktop/AV/IMG/img_238.jpg,11.0,55
~/Desktop/AV/IMG/img_239.jpg,11.0,55
~/Desktop/AV/IMG/img_240.jpg,11.0,55
~/Desktop/AV/IMG/img_241.jpg,11.0,55
~/Desktop/AV/IMG/img_242.jpg,11.0,55
~/Desktop/AV/IMG/img_243.jpg,11.0,55
~/Desktop/AV/IMG/img_244.jpg,11.0,55
~/Desktop/AV/IMG/img_245.jpg,11.0,55
~/Desktop/AV/IMG/img_246.jpg,11.0,55
~/Desktop/AV/IMG/img_247.jpg,11.0,55
~/Desktop/AV/IMG/img_248.jpg,11.0,55
~/Desktop/AV/IMG/img_249.jpg,12.75,55
~/Desktop/AV/IMG/img_250.jpg,12.75,55
~/Desktop/AV/IMG/img_251.jpg,12.75,55
~/Desktop/AV/IMG/img_252.jpg,12.75,55
~/Desktop/AV/IMG/img_253.jpg,12.75,55
~/Desktop/AV/IMG/img_254.jpg,12.75,55
~/Desktop/AV/IMG/img_255.jpg,17.0,55
~/Desktop/AV/IMG/img_256.jpg,17.0,55
~/Desktop/AV/IMG/img_257.jpg,17.0,55
~/Desktop/AV/IMG/img_258.jpg,17.0,55
~/Desktop/AV/IMG/img_259.jpg,17.0,55
~/Desktop/AV/IMG/img_260.jpg,17.0,55
~/Desktop/AV/IMG/img_261.jpg,17.0,55
~/Desktop/AV/IMG/img_262.jpg,17.0,55
~/Desktop/AV/IMG/img_263.jpg,17.0,55
~/Desktop/AV/IMG/img_264.jpg,17.0,55
~/Desktop/AV/IMG/img_265.jpg,17.0,55
~/Desktop/AV/IMG/img_266.jpg,17.0,55
~/Desktop/AV/IMG/img_267.jpg,17.0,55
~/Desktop/AV/IMG/img_268.jpg,17.0,55
~/Desktop/AV/IMG/img_269.jpg,17.0,55
~/Desktop/AV/IMG/img_270.jpg,17.0,55
~/Desktop/AV/IMG/img_271.jpg,17.0,55
~/Desktop/AV/IMG/img_272.jpg,17.0,55
~/Desktop/AV/IMG/img_273.jpg,17.0,55
~/Desktop/AV/IMG/img_274.jpg,17.0,55
~/Desktop/AV/IMG/img_275.jpg,17.0,55
~/Desktop/AV/IMG/img_276.jpg,17.0,55
~/Desktop/AV/IMG/img_277.jpg,17.0,55
~/Desktop/AV/IMG/img_278.jpg,17.0,55
~/Desktop/AV/IMG/img_279.jpg,17.0,55
~/Desktop/AV/IMG/img_280.jpg,17.0,55
~/Desktop/AV/IMG/img_281.jpg,17.0,55
~/Desktop/AV/IMG/img_282.jpg,17.0,55
~/Desktop/AV/IMG/img_283.jpg,17.0,55
~/Desktop/AV/IMG/img_284.jpg,17.0,55
~/Desktop/AV/IMG/img_285.jpg,17.0,55
~/Desktop/AV/IMG/img_286.jpg,17.0,55
~/Desktop/AV/IMG/img_287.jpg,17.0,55
~/Desktop/AV/IMG/img_288.jpg,17.0,55
~/Desktop/AV/IMG/img_289.jpg,17.0,55
~/Desktop/AV/IMG/img_290.jpg,17.0,55
~/Desktop/AV/IMG/img_291.jpg,17.0,55
~/Desktop/AV/IMG/img_292.jpg,12.75,55
~/Desktop/AV/IMG/img_293.jpg,12.75,55
~/Desktop/AV/IMG/img_294.jpg,12.75,55
~/Desktop/AV/IMG/img_295.jpg,12.75,55
~/Desktop/AV/IMG/img_296.jpg,12.75,55
~/Desktop/AV/IMG/img_297.jpg,12.75,55
~/Desktop/AV/IMG/img_298.jpg,12.75,55
~/Desktop/AV/IMG/img_299.jpg,12.75,55
~/Desktop/AV/IMG/img_300.jpg,17.0,55
~/Desktop/AV/IMG/img_301.jpg,17.0,55
~/Desktop/AV/IMG/img_302.jpg,17.0,55
~/Desktop/AV/IMG/img_303.jpg,17.0,55
~/Desktop/AV/IMG/img_304.jpg,17.0,55
~/Desktop/AV/IMG/img_305.jpg,17.0,55
~/Desktop/AV/IMG/img_306.jpg,17.0,55
~/Desktop/AV/IMG/img_307.jpg,17.0,55
~/Desktop/AV/IMG/img_308.jpg,17.0,55
~/Desktop/AV/IMG/img_309.jpg,17.0,55
~/Desktop/AV/IMG/img_310.jpg,17.0,55
~/Desktop/AV/IMG/img_311.jpg,17.0,55
~/Desktop/AV/IMG/img_312.jpg,17.0,55
~/Desktop/AV/IMG/img_313.jpg,12.75,55
~/Desktop/AV/IMG/img_314.jpg,12.75,55
~/Desktop/AV/IMG/img_315.jpg,12.75,55
~/Desktop/AV/IMG/img_316.jpg,12.75,55
~/Desktop/AV/IMG/img_317.jpg,12.75,55
~/Desktop/AV/IMG/img_318.jpg,12.75,55
~/Desktop/AV/IMG/img_319.jpg,12.75,55
~/Desktop/AV/IMG/img_320.jpg,12.75,55
~/Desktop/AV/IMG/img_321.jpg,12.75,55
~/Desktop/AV/IMG/img_322.jpg,15.0,55
~/Desktop/AV/IMG/img_323.jpg,15.0,55
~/Desktop/AV/IMG/img_324.jpg,15.0,55
~/Desktop/AV/IMG/img_325.jpg,15.0,55
~/Desktop/AV/IMG/img_326.jpg,15.0,55
~/Desktop/AV/IMG/img_327.jpg,15.0,55
~/Desktop/AV/IMG/img_328.jpg,15.0,55
~/Desktop/AV/IMG/img_329.jpg,15.0,55
~/Desktop/AV/IMG/img_330.jpg,15.0,55
~/Desktop/AV/IMG/img_331.jpg,15.0,55
~/Desktop/AV/IMG/img_332.jpg,15.0,55
~/Desktop/AV/IMG/img_333.jpg,15.0,55
~/Desktop/AV/IMG/img_334.jpg,15.0,55
~/Desktop/AV/IMG/img_335.jpg,15.0,55
~/Desktop/AV/IMG/img_336.jpg,15.0,55
~/Desktop/AV/IMG/img_337.jpg,15.0,55
~/Desktop/AV/IMG/img_338.jpg,15.0,55
~/Desktop/AV/IMG/img_339.jpg,12.75,55
~/Desktop/AV/IMG/img_340.jpg,12.75,55
~/Desktop/AV/IMG/img_341.jpg,12.75,55
~/Desktop/AV/IMG/img_342.jpg,12.75,55
~/Desktop/AV/IMG/img_343.jpg,12.75,55
~/Desktop/AV/IMG/img_344.jpg,12.75,55
~/Desktop/AV/IMG/img_345.jpg,17.0,55
~/Desktop/AV/IMG/img_346.jpg,17.0,55
~/Desktop/AV/IMG/img_347.jpg,17.0,55
~/Desktop/AV/IMG/img_348.jpg,17.0,55
~/Desktop/AV/IMG/img_349.jpg,17.0,55
~/Desktop/AV/IMG/img_350.jpg,17.0,55
~/Desktop/AV/IMG/img_351.jpg,17.0,55
~/Desktop/AV/IMG/img_352.jpg,17.0,55
~/Desktop/AV/IMG/img_353.jpg,17.0,55
~/Desktop/AV/IMG/img_354.jpg,17.0,55
~/Desktop/AV/IMG/img_355.jpg,17.0,55
~/Desktop/AV/IMG/img_356.jpg,17.0,55
~/Desktop/AV/IMG/img_357.jpg,17.0,55
~/Desktop/AV/IMG/img_358.jpg,17.0,55
~/Desktop/AV/IMG/img_359.jpg,17.0,55
~/Desktop/AV/IMG/img_360.jpg,17.0,55
~/Desktop/AV/IMG/img_361.jpg,12.75,55
~/Desktop/AV/IMG/img_362.jpg,12.75,55
~/Desktop/AV/IMG/img_363.jpg,12.75,55
~/Desktop/AV/IMG/img_364.jpg,12.75,55
~/Desktop/AV/IMG/img_365.jpg,12.75,55
~/Desktop/AV/IMG/img_366.jpg,12.75,55
~/Desktop/AV/IMG/img_367.jpg,12.75,55
~/Desktop/AV/IMG/img_368.jpg,12.75,55
~/Desktop/AV/IMG/img_369.jpg,12.75,55
~/Desktop/AV/IMG/img_370.jpg,12.75,55
~/Desktop/AV/IMG/img_371.jpg,12.75,55
~/Desktop/AV/IMG/img_372.jpg,15.0,55
~/Desktop/AV/IMG/img_373.jpg,15.0,55
~/Desktop/AV/IMG/img_374.jpg,15.0,55
~/Desktop/AV/IMG/img_375.jpg,15.0,55
~/Desktop/AV/IMG/img_376.jpg,15.0,55
~/Desktop/AV/IMG/img_377.jpg,12.75,55
~/Desktop/AV/IMG/img_378.jpg,12.75,55
~/Desktop/AV/IMG/img_379.jpg,12.75,55
~/Desktop/AV/IMG/img_380.jpg,17.0,55
~/Desktop/AV/IMG/img_381.jpg,17.0,55
~/Desktop/AV/IMG/img_382.jpg,17.0,55
~/Desktop/AV/IMG/img_383.jpg,17.0,55
~/Desktop/AV/IMG/img_384.jpg,17.0,55
~/Desktop/AV/IMG/img_385.jpg,17.0,55
~/Desktop/AV/IMG/img_386.jpg,17.0,55
~/Desktop/AV/IMG/img_387.jpg,17.0,55
~/Desktop/AV/IMG/img_388.jpg,17.0,55
~/Desktop/AV/IMG/img_389.jpg,17.0,55
~/Desktop/AV/IMG/img_390.jpg,17.0,55
~/Desktop/AV/IMG/img_391.jpg,17.0,55
~/Desktop/AV/IMG/img_392.jpg,17.0,55
~/Desktop/AV/IMG/img_393.jpg,17.0,55
~/Desktop/AV/IMG/img_394.jpg,17.0,55
~/Desktop/AV/IMG/img_395.jpg,17.0,55
~/Desktop/AV/IMG/img_396.jpg,17.0,55
~/Desktop/AV/IMG/img_397.jpg,17.0,55
~/Desktop/AV/IMG/img_398.jpg,17.0,55
~/Desktop/AV/IMG/img_399.jpg,17.0,55
~/Desktop/AV/IMG/img_400.jpg,17.0,55
~/Desktop/AV/IMG/img_401.jpg,17.0,55
~/Desktop/AV/IMG/img_402.jpg,17.0,55
~/Desktop/AV/IMG/img_403.jpg,17.0,55
~/Desktop/AV/IMG/img_404.jpg,17.0,55
~/Desktop/AV/IMG/img_405.jpg,17.0,55
~/Desktop/AV/IMG/img_406.jpg,17.0,55
~/Desktop/AV/IMG/img_407.jpg,17.0,55
~/Desktop/AV/IMG/img_408.jpg,17.0,55
~/Desktop/AV/IMG/img_409.jpg,17.0,55
~/Desktop/AV/IMG/img_410.jpg,17.0,55
~/Desktop/AV/IMG/img_411.jpg,17.0,55
~/Desktop/AV/IMG/img_412.jpg,17.0,55
~/Desktop/AV/IMG/img_413.jpg,17.0,55
~/Desktop/AV/IMG/img_414.jpg,17.0,55
~/Desktop/AV/IMG/img_415.jpg,12.75,55
~/Desktop/AV/IMG/img_416.jpg,12.75,55
~/Desktop/AV/IMG/img_417.jpg,12.75,55
~/Desktop/AV/IMG/img_418.jpg,12.75,55
~/Desktop/AV/IMG/img_419.jpg,11.0,55
~/Desktop/AV/IMG/img_420.jpg,11.0,55
~/Desktop/AV/IMG/img_421.jpg,11.0,55
~/Desktop/AV/IMG/img_422.jpg,11.0,55
~/Desktop/AV/IMG/img_423.jpg,11.0,55
~/Desktop/AV/IMG/img_424.jpg,11.0,55
~/Desktop/AV/IMG/img_425.jpg,11.0,55
~/Desktop/AV/IMG/img_426.jpg,11.0,55
~/Desktop/AV/IMG/img_427.jpg,11.0,55
~/Desktop/AV/IMG/img_428.jpg,11.0,55
~/Desktop/AV/IMG/img_429.jpg,11.0,55
~/Desktop/AV/IMG/img_430.jpg,11.0,55
~/Desktop/AV/IMG/img_431.jpg,11.0,55
~/Desktop/AV/IMG/img_432.jpg,11.0,55
~/Desktop/AV/IMG/img_433.jpg,11.0,55
~/Desktop/AV/IMG/img_434.jpg,11.0,55
~/Desktop/AV/IMG/img_435.jpg,12.75,55
~/Desktop/AV/IMG/img_436.jpg,12.75,55
~/Desktop/AV/IMG/img_437.jpg,12.75,55
~/Desktop/AV/IMG/img_438.jpg,12.75,55
~/Desktop/AV/IMG/img_439.jpg,12.75,55
~/Desktop/AV/IMG/img_440.jpg,12.75,55
~/Desktop/AV/IMG/img_441.jpg,12.75,55
~/Desktop/AV/IMG/img_442.jpg,17.0,55
~/Desktop/AV/IMG/img_443.jpg,17.0,55
~/Desktop/AV/IMG/img_444.jpg,17.0,55
~/Desktop/AV/IMG/img_445.jpg,17.0,55
~/Desktop/AV/IMG/img_446.jpg,17.0,55
~/Desktop/AV/IMG/img_447.jpg,17.0,55
~/Desktop/AV/IMG/img_448.jpg,17.0,55
~/Desktop/AV/IMG/img_449.jpg,17.0,55
~/Desktop/AV/IMG/img_450.jpg,17.0,55
~/Desktop/AV/IMG/img_451.jpg,17.0,55
~/Desktop/AV/IMG/img_452.jpg,17.0,55
~/Desktop/AV/IMG/img_453.jpg,17.0,55
~/Desktop/AV/IMG/img_454.jpg,17.0,55
~/Desktop/AV/IMG/img_455.jpg,17.0,55
~/Desktop/AV/IMG/img_456.jpg,17.0,55
~/Desktop/AV/IMG/img_457.jpg,17.0,55
~/Desktop/AV/IMG/img_458.jpg,17.0,55
~/Desktop/AV/IMG/img_459.jpg,17.0,55
~/Desktop/AV/IMG/img_460.jpg,17.0,55
~/Desktop/AV/IMG/img_461.jpg,17.0,55
~/Desktop/AV/IMG/img_462.jpg,17.0,55
~/Desktop/AV/IMG/img_463.jpg,17.0,55
~/Desktop/AV/IMG/img_464.jpg,17.0,55
~/Desktop/AV/IMG/img_465.jpg,17.0,55
~/Desktop/AV/IMG/img_466.jpg,17.0,55
~/Desktop/AV/IMG/img_467.jpg,17.0,55
~/Desktop/AV/IMG/img_468.jpg,17.0,55
~/Desktop/AV/IMG/img_469.jpg,17.0,55
~/Desktop/AV/IMG/img_470.jpg,17.0,55
~/Desktop/AV/IMG/img_471.jpg,17.0,55
~/Desktop/AV/IMG/img_472.jpg,12.75,55
~/Desktop/AV/IMG/img_473.jpg,12.75,55
~/Desktop/AV/IMG/img_474.jpg,12.75,55
~/Desktop/AV/IMG/img_475.jpg,12.75,55
~/Desktop/AV/IMG/img_476.jpg,12.75,55
~/Desktop/AV/IMG/img_477.jpg,12.75,55
~/Desktop/AV/IMG/img_478.jpg,12.75,55
~/Desktop/AV/IMG/img_479.jpg,12.75,55
~/Desktop/AV/IMG/img_480.jpg,12.75,55
~/Desktop/AV/IMG/img_481.jpg,12.75,55
~/Desktop/AV/IMG/img_482.jpg,12.75,55
~/Desktop/AV/IMG/img_483.jpg,12.75,55
~/Desktop/AV/IMG/img_484.jpg,17.0,55
~/Desktop/AV/IMG/img_485.jpg,17.0,55
~/Desktop/AV/IMG/img_486.jpg,17.0,55
~/Desktop/AV/IMG/img_487.jpg,17.0,55
~/Desktop/AV/IMG/img_488.jpg,17.0,55
~/Desktop/AV/IMG/img_489.jpg,17.0,55
~/Desktop/AV/IMG/img_490.jpg,17.0,55
~/Desktop/AV/IMG/img_491.jpg,17.0,55
~/Desktop/AV/IMG/img_492.jpg,17.0,55
~/Desktop/AV/IMG/img_493.jpg,17.0,55
~/Desktop/AV/IMG/img_494.jpg,17.0,55
~/Desktop/AV/IMG/img_495.jpg,17.0,55
~/Desktop/AV/IMG/img_496.jpg,17.0,55
~/Desktop/AV/IMG/img_497.jpg,17.0,55
~/Desktop/AV/IMG/img_498.jpg,17.0,55
~/Desktop/AV/IMG/img_499.jpg,17.0,55
~/Desktop/AV/IMG/img_500.jpg,17.0,55
~/Desktop/AV/IMG/img_501.jpg,17.0,55
~/Desktop/AV/IMG/img_502.jpg,17.0,55
~/Desktop/AV/IMG/img_503.jpg,17.0,55
~/Desktop/AV/IMG/img_504.jpg,12.75,55
~/Desktop/AV/IMG/img_505.jpg,12.75,55
~/Desktop/AV/IMG/img_506.jpg,12.75,55
~/Desktop/AV/IMG/img_507.jpg,12.75,55
~/Desktop/AV/IMG/img_508.jpg,12.75,55
~/Desktop/AV/IMG/img_509.jpg,12.75,55
~/Desktop/AV/IMG/img_510.jpg,12.75,55
~/Desktop/AV/IMG/img_511.jpg,12.75,55
~/Desktop/AV/IMG/img_512.jpg,12.75,55
~/Desktop/AV/IMG/img_513.jpg,12.75,55
~/Desktop/AV/IMG/img_514.jpg,12.75,55
~/Desktop/AV/IMG/img_515.jpg,15.0,55
~/Desktop/AV/IMG/img_516.jpg,15.0,55
~/Desktop/AV/IMG/img_517.jpg,15.0,55
~/Desktop/AV/IMG/img_518.jpg,15.0,55
~/Desktop/AV/IMG/img_519.jpg,15.0,55
~/Desktop/AV/IMG/img_520.jpg,12.75,55
~/Desktop/AV/IMG/img_521.jpg,12.75,55
~/Desktop/AV/IMG/img_522.jpg,12.75,55
~/Desktop/AV/IMG/img_523.jpg,12.75,55
~/Desktop/AV/IMG/img_524.jpg,12.75,55
~/Desktop/AV/IMG/img_525.jpg,12.75,55
~/Desktop/AV/IMG/img_526.jpg,12.75,55
~/Desktop/AV/IMG/img_527.jpg,12.75,55
~/Desktop/AV/IMG/img_528.jpg,12.75,55
~/Desktop/AV/IMG/img_529.jpg,12.75,55
~/Desktop/AV/IMG/img_530.jpg,12.75,55
~/Desktop/AV/IMG/img_531.jpg,12.75,55
~/Desktop/AV/IMG/img_532.jpg,17.0,55
~/Desktop/AV/IMG/img_533.jpg,17.0,55
~/Desktop/AV/IMG/img_534.jpg,17.0,55
~/Desktop/AV/IMG/img_535.jpg,17.0,55
~/Desktop/AV/IMG/img_536.jpg,17.0,55
~/Desktop/AV/IMG/img_537.jpg,17.0,55
~/Desktop/AV/IMG/img_538.jpg,17.0,55
~/Desktop/AV/IMG/img_539.jpg,17.0,55
~/Desktop/AV/IMG/img_540.jpg,17.0,55
~/Desktop/AV/IMG/img_541.jpg,17.0,55
~/Desktop/AV/IMG/img_542.jpg,17.0,55
~/Desktop/AV/IMG/img_543.jpg,17.0,55
~/Desktop/AV/IMG/img_544.jpg,17.0,55
~/Desktop/AV/IMG/img_545.jpg,17.0,55
~/Desktop/AV/IMG/img_546.jpg,17.0,55
~/Desktop/AV/IMG/img_547.jpg,17.0,55
~/Desktop/AV/IMG/img_548.jpg,17.0,55
~/Desktop/AV/IMG/img_549.jpg,17.0,55
~/Desktop/AV/IMG/img_550.jpg,17.0,55
~/Desktop/AV/IMG/img_551.jpg,17.0,55
~/Desktop/AV/IMG/img_552.jpg,17.0,55
~/Desktop/AV/IMG/img_553.jpg,17.0,55
~/Desktop/AV/IMG/img_554.jpg,17.0,55
~/Desktop/AV/IMG/img_555.jpg,17.0,55
~/Desktop/AV/IMG/img_556.jpg,17.0,55
~/Desktop/AV/IMG/img_557.jpg,17.0,55
~/Desktop/AV/IMG/img_558.jpg,17.0,55
~/Desktop/AV/IMG/img_559.jpg,17.0,55
~/Desktop/AV/IMG/img_560.jpg,17.0,55
~/Desktop/AV/IMG/img_561.jpg,17.0,55
~/Desktop/AV/IMG/img_562.jpg,12.75,55
~/Desktop/AV/IMG/img_563.jpg,12.75,55
~/Desktop/AV/IMG/img_564.jpg,12.75,55
~/Desktop/AV/IMG/img_565.jpg,12.75,55
~/Desktop/AV/IMG/img_566.jpg,12.75,55
~/Desktop/AV/IMG/img_567.jpg,12.75,55
~/Desktop/AV/IMG/img_568.jpg,12.75,55
~/Desktop/AV/IMG/img_569.jpg,12.75,55
~/Desktop/AV/IMG/img_570.jpg,12.75,55
~/Desktop/AV/IMG/img_571.jpg,12.75,55
~/Desktop/AV/IMG/img_572.jpg,12.75,55
~/Desktop/AV/IMG/img_573.jpg,12.75,55
~/Desktop/AV/IMG/img_574.jpg,12.75,55
~/Desktop/AV/IMG/img_575.jpg,12.75,55
~/Desktop/AV/IMG/img_576.jpg,17.0,55
~/Desktop/AV/IMG/img_577.jpg,17.0,55
~/Desktop/AV/IMG/img_578.jpg,17.0,55
~/Desktop/AV/IMG/img_579.jpg,17.0,55
~/Desktop/AV/IMG/img_580.jpg,17.0,55
~/Desktop/AV/IMG/img_581.jpg,17.0,55
~/Desktop/AV/IMG/img_582.jpg,17.0,55
~/Desktop/AV/IMG/img_583.jpg,17.0,55
~/Desktop/AV/IMG/img_584.jpg,17.0,55
~/Desktop/AV/IMG/img_585.jpg,17.0,55
~/Desktop/AV/IMG/img_586.jpg,17.0,55
~/Desktop/AV/IMG/img_587.jpg,17.0,55
~/Desktop/AV/IMG/img_588.jpg,17.0,55
~/Desktop/AV/IMG/img_589.jpg,17.0,55
~/Desktop/AV/IMG/img_590.jpg,17.0,55
~/Desktop/AV/IMG/img_591.jpg,12.75,55
~/Desktop/AV/IMG/img_592.jpg,12.75,55
~/Desktop/AV/IMG/img_593.jpg,12.75,55
~/Desktop/AV/IMG/img_594.jpg,12.75,55
~/Desktop/AV/IMG/img_595.jpg,12.75,55
~/Desktop/AV/IMG/img_596.jpg,12.75,55
~/Desktop/AV/IMG/img_597.jpg,12.75,55
~/Desktop/AV/IMG/img_598.jpg,12.75,55
~/Desktop/AV/IMG/img_599.jpg,12.75,55
~/Desktop/AV/IMG/img_600.jpg,12.75,55
~/Desktop/AV/IMG/img_601.jpg,12.75,55
~/Desktop/AV/IMG/img_602.jpg,12.75,55
~/Desktop/AV/IMG/img_603.jpg,12.75,55
~/Desktop/AV/IMG/img_604.jpg,12.75,55
~/Desktop/AV/IMG/img_605.jpg,12.75,55
~/Desktop/AV/IMG/img_606.jpg,12.75,55
~/Desktop/AV/IMG/img_607.jpg,15.0,55
~/Desktop/AV/IMG/img_608.jpg,15.0,55
~/Desktop/AV/IMG/img_609.jpg,15.0,55
~/Desktop/AV/IMG/img_610.jpg,15.0,55
~/Desktop/AV/IMG/img_611.jpg,15.0,55
~/Desktop/AV/IMG/img_612.jpg,15.0,55
~/Desktop/AV/IMG/img_613.jpg,15.0,55
~/Desktop/AV/IMG/img_614.jpg,15.0,55
~/Desktop/AV/IMG/img_615.jpg,15.0,55
~/Desktop/AV/IMG/img_616.jpg,15.0,55
~/Desktop/AV/IMG/img_617.jpg,15.0,55
~/Desktop/AV/IMG/img_618.jpg,15.0,55
~/Desktop/AV/IMG/img_619.jpg,15.0,55
~/Desktop/AV/IMG/img_620.jpg,15.0,55
~/Desktop/AV/IMG/img_621.jpg,20.0,55
~/Desktop/AV/IMG/img_622.jpg,20.0,55
~/Desktop/AV/IMG/img_623.jpg,20.0,55
~/Desktop/AV/IMG/img_624.jpg,20.0,55
~/Desktop/AV/IMG/img_625.jpg,20.0,55
~/Desktop/AV/IMG/img_626.jpg,20.0,55
~/Desktop/AV/IMG/img_627.jpg,20.0,55
~/Desktop/AV/IMG/img_628.jpg,20.0,55
~/Desktop/AV/IMG/img_629.jpg,20.0,55
~/Desktop/AV/IMG/img_630.jpg,12.75,55
~/Desktop/AV/IMG/img_631.jpg,12.75,55
~/Desktop/AV/IMG/img_632.jpg,12.75,55
~/Desktop/AV/IMG/img_633.jpg,12.75,55
~/Desktop/AV/IMG/img_634.jpg,12.75,55
~/Desktop/AV/IMG/img_635.jpg,12.75,55
~/Desktop/AV/IMG/img_636.jpg,12.75,55
~/Desktop/AV/IMG/img_637.jpg,15.0,55
~/Desktop/AV/IMG/img_638.jpg,15.0,55
~/Desktop/AV/IMG/img_639.jpg,15.0,55
~/Desktop/AV/IMG/img_640.jpg,15.0,55
~/Desktop/AV/IMG/img_641.jpg,15.0,55
~/Desktop/AV/IMG/img_642.jpg,15.0,55
~/Desktop/AV/IMG/img_643.jpg,15.0,55
~/Desktop/AV/IMG/img_644.jpg,15.0,55
~/Desktop/AV/IMG/img_645.jpg,15.0,55
~/Desktop/AV/IMG/img_646.jpg,15.0,55
~/Desktop/AV/IMG/img_647.jpg,15.0,55
~/Desktop/AV/IMG/img_648.jpg,15.0,55
~/Desktop/AV/IMG/img_649.jpg,15.0,55
~/Desktop/AV/IMG/img_650.jpg,15.0,55
~/Desktop/AV/IMG/img_651.jpg,15.0,55
~/Desktop/AV/IMG/img_652.jpg,15.0,55
~/Desktop/AV/IMG/img_653.jpg,15.0,55
~/Desktop/AV/IMG/img_654.jpg,12.75,55
~/Desktop/AV/IMG/img_655.jpg,12.75,55
~/Desktop/AV/IMG/img_656.jpg,17.0,55
~/Desktop/AV/IMG/img_657.jpg,17.0,55
~/Desktop/AV/IMG/img_658.jpg,17.0,55
~/Desktop/AV/IMG/img_659.jpg,17.0,55
~/Desktop/AV/IMG/img_660.jpg,17.0,55
~/Desktop/AV/IMG/img_661.jpg,17.0,55
~/Desktop/AV/IMG/img_662.jpg,17.0,55
~/Desktop/AV/IMG/img_663.jpg,17.0,55
~/Desktop/AV/IMG/img_664.jpg,17.0,55
~/Desktop/AV/IMG/img_665.jpg,17.0,55
~/Desktop/AV/IMG/img_666.jpg,17.0,55
~/Desktop/AV/IMG/img_667.jpg,17.0,55
~/Desktop/AV/IMG/img_668.jpg,17.0,55
~/Desktop/AV/IMG/img_669.jpg,17.0,55
~/Desktop/AV/IMG/img_670.jpg,17.0,55
~/Desktop/AV/IMG/img_671.jpg,17.0,55
~/Desktop/AV/IMG/img_672.jpg,17.0,55
~/Desktop/AV/IMG/img_673.jpg,17.0,55
~/Desktop/AV/IMG/img_674.jpg,17.0,55
~/Desktop/AV/IMG/img_675.jpg,17.0,55
~/Desktop/AV/IMG/img_676.jpg,17.0,55
~/Desktop/AV/IMG/img_677.jpg,17.0,55
~/Desktop/AV/IMG/img_678.jpg,17.0,55
~/Desktop/AV/IMG/img_679.jpg,17.0,55
~/Desktop/AV/IMG/img_680.jpg,17.0,55
~/Desktop/AV/IMG/img_681.jpg,17.0,55
~/Desktop/AV/IMG/img_682.jpg,12.75,55
~/Desktop/AV/IMG/img_683.jpg,12.75,55
~/Desktop/AV/IMG/img_684.jpg,12.75,55
~/Desktop/AV/IMG/img_685.jpg,12.75,55
~/Desktop/AV/IMG/img_686.jpg,12.75,55
~/Desktop/AV/IMG/img_687.jpg,12.75,55
~/Desktop/AV/IMG/img_688.jpg,12.75,55
~/Desktop/AV/IMG/img_689.jpg,12.75,55
~/Desktop/AV/IMG/img_690.jpg,12.75,55
~/Desktop/AV/IMG/img_691.jpg,11.0,55
~/Desktop/AV/IMG/img_692.jpg,11.0,55
~/Desktop/AV/IMG/img_693.jpg,11.0,55
~/Desktop/AV/IMG/img_694.jpg,11.0,55
~/Desktop/AV/IMG/img_695.jpg,11.0,55
~/Desktop/AV/IMG/img_696.jpg,12.75,55
~/Desktop/AV/IMG/img_697.jpg,12.75,55
~/Desktop/AV/IMG/img_698.jpg,12.75,55
~/Desktop/AV/IMG/img_699.jpg,12.75,55
~/Desktop/AV/IMG/img_700.jpg,12.75,55
~/Desktop/AV/IMG/img_701.jpg,12.75,25
~/Desktop/AV/IMG/img_702.jpg,12.75,25
~/Desktop/AV/IMG/img_703.jpg,12.75,25
~/Desktop/AV/IMG/img_704.jpg,12.75,25
~/Desktop/AV/IMG/img_705.jpg,12.75,25
~/Desktop/AV/IMG/img_706.jpg,12.75,25
~/Desktop/AV/IMG/img_707.jpg,12.75,25
~/Desktop/AV/IMG/img_708.jpg,12.75,25
~/Desktop/AV/IMG/img_709.jpg,12.75,25
~/Desktop/AV/IMG/img_710.jpg,12.75,25
~/Desktop/AV/IMG/img_711.jpg,12.75,25
~/Desktop/AV/IMG/img_712.jpg,12.75,25
~/Desktop/AV/IMG/img_713.jpg,12.75,25
~/Desktop/AV/IMG/img_714.jpg,12.75,25
~/Desktop/AV/IMG/img_715.jpg,12.75,25
~/Desktop/AV/IMG/img_716.jpg,12.75,25
~/Desktop/AV/IMG/img_717.jpg,12.75,25
~/Desktop/AV/IMG/img_718.jpg,12.75,25
~/Desktop/AV/IMG/img_719.jpg,12.75,25
~/Desktop/AV/IMG/img_720.jpg,12.75,25
~/Desktop/AV/IMG/img_721.jpg,12.75,25
~/Desktop/AV/IMG/img_722.jpg,12.75,25
~/Desktop/AV/IMG/img_723.jpg,12.75,25
~/Desktop/AV/IMG/img_724.jpg,12.75,25
~/Desktop/AV/IMG/img_725.jpg,12.75,25
~/Desktop/AV/IMG/img_726.jpg,12.75,25
~/Desktop/AV/IMG/img_727.jpg,12.75,25
~/Desktop/AV/IMG/img_728.jpg,12.75,25
~/Desktop/AV/IMG/img_729.jpg,12.75,25
~/Desktop/AV/IMG/img_730.jpg,12.75,25
~/Desktop/AV/IMG/img_731.jpg,12.75,25
~/Desktop/AV/IMG/img_732.jpg,12.75,25
~/Desktop/AV/IMG/img_733.jpg,12.75,25
~/Desktop/AV/IMG/img_734.jpg,12.75,25
~/Desktop/AV/IMG/img_735.jpg,12.75,25
~/Desktop/AV/IMG/img_736.jpg,12.75,25
~/Desktop/AV/IMG/img_737.jpg,12.75,25
~/Desktop/AV/IMG/img_738.jpg,12.75,25
~/Desktop/AV/IMG/img_739.jpg,12.75,25
~/Desktop/AV/IMG/img_740.jpg,12.75,25
~/Desktop/AV/IMG/img_741.jpg,12.75,25
~/Desktop/AV/IMG/img_742.jpg,12.75,25
~/Desktop/AV/IMG/img_743.jpg,12.75,25
~/Desktop/AV/IMG/img_744.jpg,12.75,25
~/Desktop/AV/IMG/img_745.jpg,12.75,25
~/Desktop/AV/IMG/img_746.jpg,12.75,25
~/Desktop/AV/IMG/img_747.jpg,12.75,25
~/Desktop/AV/IMG/img_748.jpg,12.75,25
~/Desktop/AV/IMG/img_749.jpg,12.75,25
~/Desktop/AV/IMG/img_750.jpg,12.75,25
~/Desktop/AV/IMG/img_751.jpg,12.75,25
~/Desktop/AV/IMG/img_752.jpg,12.75,25
~/Desktop/AV/IMG/img_753.jpg,12.75,25
~/Desktop/AV/IMG/img_754.jpg,12.75,25
~/Desktop/AV/IMG/img_755.jpg,12.75,25
~/Desktop/AV/IMG/img_756.jpg,12.75,25
~/Desktop/AV/IMG/img_757.jpg,12.75,25
~/Desktop/AV/IMG/img_758.jpg,12.75,25
~/Desktop/AV/IMG/img_759.jpg,12.75,25
~/Desktop/AV/IMG/img_760.jpg,12.75,25
~/Desktop/AV/IMG/img_761.jpg,12.75,25
~/Desktop/AV/IMG/img_762.jpg,12.75,25
~/Desktop/AV/IMG/img_763.jpg,12.75,25
~/Desktop/AV/IMG/img_764.jpg,12.75,25
~/Desktop/AV/IMG/img_765.jpg,12.75,25
~/Desktop/AV/IMG/img_766.jpg,12.75,25
~/Desktop/AV/IMG/img_767.jpg,12.75,25
~/Desktop/AV/IMG/img_768.jpg,12.75,25
~/Desktop/AV/IMG/img_769.jpg,12.75,25
~/Desktop/AV/IMG/img_770.jpg,12.75,25
~/Desktop/AV/IMG/img_771.jpg,12.75,25
~/Desktop/AV/IMG/img_772.jpg,12.75,25
~/Desktop/AV/IMG/img_773.jpg,12.75,25
~/Desktop/AV/IMG/img_774.jpg,12.75,25
~/Desktop/AV/IMG/img_775.jpg,12.75,25
~/Desktop/AV/IMG/img_776.jpg,12.75,25
~/Desktop/AV/IMG/img_777.jpg,12.75,25
~/Desktop/AV/IMG/img_778.jpg,12.75,25
~/Desktop/AV/IMG/img_779.jpg,12.75,25
~/Desktop/AV/IMG/img_780.jpg,12.75,25
~/Desktop/AV/IMG/img_781.jpg,12.75,25
~/Desktop/AV/IMG/img_782.jpg,12.75,25
~/Desktop/AV/IMG/img_783.jpg,12.75,25
~/Desktop/AV/IMG/img_784.jpg,12.75,25
~/Desktop/AV/IMG/img_785.jpg,12.75,25
~/Desktop/AV/IMG/img_786.jpg,12.75,25
~/Desktop/AV/IMG/img_787.jpg,12.75,25
~/Desktop/AV/IMG/img_788.jpg,12.75,25
~/Desktop/AV/IMG/img_789.jpg,12.75,25
~/Desktop/AV/IMG/img_790.jpg,12.75,25
~/Desktop/AV/IMG/img_791.jpg,12.75,25
~/Desktop/AV/IMG/img_792.jpg,12.75,25
~/Desktop/AV/IMG/img_793.jpg,12.75,25
~/Desktop/AV/IMG/img_794.jpg,12.75,25
~/Desktop/AV/IMG/img_795.jpg,12.75,25
~/Desktop/AV/IMG/img_796.jpg,12.75,25
~/Desktop/AV/IMG/img_797.jpg,12.75,25
~/Desktop/AV/IMG/img_798.jpg,12.75,25
~/Desktop/AV/IMG/img_799.jpg,12.75,25
~/Desktop/AV/IMG/img_800.jpg,12.75,55
~/Desktop/AV/IMG/img_801.jpg,12.75,55
~/Desktop/AV/IMG/img_802.jpg,12.75,55
~/Desktop/AV/IMG/img_803.jpg,12.75,55
~/Desktop/AV/IMG/img_804.jpg,12.75,55
~/Desktop/AV/IMG/img_805.jpg,12.75,55
~/Desktop/AV/IMG/img_806.jpg,12.75,55
~/Desktop/AV/IMG/img_807.jpg,12.75,55
~/Desktop/AV/IMG/img_808.jpg,12.75,55
~/Desktop/AV/IMG/img_809.jpg,12.75,55
~/Desktop/AV/IMG/img_810.jpg,12.75,55
~/Desktop/AV/IMG/img_811.jpg,12.75,55
~/Desktop/AV/IMG/img_812.jpg,12.75,55
~/Desktop/AV/IMG/img_813.jpg,12.75,55
~/Desktop/AV/IMG/img_814.jpg,12.75,55
~/Desktop/AV/IMG/img_815.jpg,15.0,55
~/Desktop/AV/IMG/img_816.jpg,15.0,55
~/Desktop/AV/IMG/img_817.jpg,15.0,55
~/Desktop/AV/IMG/img_818.jpg,15.0,55
~/Desktop/AV/IMG/img_819.jpg,15.0,55
~/Desktop/AV/IMG/img_820.jpg,15.0,55
~/Desktop/AV/IMG/img_821.jpg,12.75,55
~/Desktop/AV/IMG/img_822.jpg,12.75,55
~/Desktop/AV/IMG/img_823.jpg,12.75,55
~/Desktop/AV/IMG/img_824.jpg,12.75,55
~/Desktop/AV/IMG/img_825.jpg,12.75,55
~/Desktop/AV/IMG/img_826.jpg,12.75,55
~/Desktop/AV/IMG/img_827.jpg,12.75,55
~/Desktop/AV/IMG/img_828.jpg,12.75,55
~/Desktop/AV/IMG/img_829.jpg,9.3,55
~/Desktop/AV/IMG/img_830.jpg,9.3,55
~/Desktop/AV/IMG/img_831.jpg,9.3,55
~/Desktop/AV/IMG/img_832.jpg,9.3,55
~/Desktop/AV/IMG/img_833.jpg,9.3,55
~/Desktop/AV/IMG/img_834.jpg,9.3,55
~/Desktop/AV/IMG/img_835.jpg,9.3,55
~/Desktop/AV/IMG/img_836.jpg,9.3,55
~/Desktop/AV/IMG/img_837.jpg,9.3,55
~/Desktop/AV/IMG/img_838.jpg,9.3,55
~/Desktop/AV/IMG/img_839.jpg,9.3,55
~/Desktop/AV/IMG/img_840.jpg,9.3,55
~/Desktop/AV/IMG/img_841.jpg,9.3,55
~/Desktop/AV/IMG/img_842.jpg,9.3,55
~/Desktop/AV/IMG/img_843.jpg,9.3,55
~/Desktop/AV/IMG/img_844.jpg,9.3,55
~/Desktop/AV/IMG/img_845.jpg,9.3,55
~/Desktop/AV/IMG/img_846.jpg,9.3,55
~/Desktop/AV/IMG/img_847.jpg,9.3,55
~/Desktop/AV/IMG/img_848.jpg,9.3,55
~/Desktop/AV/IMG/img_849.jpg,9.3,55
~/Desktop/AV/IMG/img_850.jpg,9.3,55
~/Desktop/AV/IMG/img_851.jpg,9.3,55
~/Desktop/AV/IMG/img_852.jpg,9.3,55
~/Desktop/AV/IMG/img_853.jpg,9.3,55
~/Desktop/AV/IMG/img_854.jpg,9.3,55
~/Desktop/AV/IMG/img_855.jpg,9.3,55
~/Desktop/AV/IMG/img_856.jpg,9.3,55
~/Desktop/AV/IMG/img_857.jpg,12.75,55
~/Desktop/AV/IMG/img_858.jpg,12.75,55
~/Desktop/AV/IMG/img_859.jpg,12.75,55
~/Desktop/AV/IMG/img_860.jpg,12.75,55
~/Desktop/AV/IMG/img_861.jpg,12.75,55
~/Desktop/AV/IMG/img_862.jpg,12.75,55
~/Desktop/AV/IMG/img_863.jpg,12.75,55
~/Desktop/AV/IMG/img_864.jpg,12.75,55
~/Desktop/AV/IMG/img_865.jpg,12.75,55
~/Desktop/AV/IMG/img_866.jpg,12.75,55
~/Desktop/AV/IMG/img_867.jpg,12.75,55
~/Desktop/AV/IMG/img_868.jpg,12.75,55
~/Desktop/AV/IMG/img_869.jpg,12.75,55
~/Desktop/AV/IMG/img_870.jpg,12.75,55
~/Desktop/AV/IMG/img_871.jpg,12.75,55
~/Desktop/AV/IMG/img_872.jpg,12.75,55
~/Desktop/AV/IMG/img_873.jpg,12.75,55
~/Desktop/AV/IMG/img_874.jpg,12.75,55
~/Desktop/AV/IMG/img_875.jpg,12.75,55
~/Desktop/AV/IMG/img_876.jpg,12.75,55
~/Desktop/AV/IMG/img_877.jpg,12.75,55
~/Desktop/AV/IMG/img_878.jpg,12.75,55
~/Desktop/AV/IMG/img_879.jpg,12.75,55
~/Desktop/AV/IMG/img_880.jpg,9.3,55
~/Desktop/AV/IMG/img_881.jpg,9.3,55
~/Desktop/AV/IMG/img_882.jpg,9.3,55
~/Desktop/AV/IMG/img_883.jpg,9.3,55
~/Desktop/AV/IMG/img_884.jpg,9.3,55
~/Desktop/AV/IMG/img_885.jpg,9.3,55
~/Desktop/AV/IMG/img_886.jpg,9.3,55
~/Desktop/AV/IMG/img_887.jpg,9.3,55
~/Desktop/AV/IMG/img_888.jpg,9.3,55
~/Desktop/AV/IMG/img_889.jpg,9.3,55
~/Desktop/AV/IMG/img_890.jpg,9.3,55
~/Desktop/AV/IMG/img_891.jpg,9.3,55
~/Desktop/AV/IMG/img_892.jpg,9.3,55
~/Desktop/AV/IMG/img_893.jpg,9.3,55
~/Desktop/AV/IMG/img_894.jpg,9.3,55
~/Desktop/AV/IMG/img_895.jpg,12.75,55
~/Desktop/AV/IMG/img_896.jpg,12.75,55
~/Desktop/AV/IMG/img_897.jpg,12.75,55
~/Desktop/AV/IMG/img_898.jpg,12.75,55
~/Desktop/AV/IMG/img_899.jpg,12.75,55
~/Desktop/AV/IMG/img_900.jpg,12.75,55
~/Desktop/AV/IMG/img_901.jpg,12.75,55
~/Desktop/AV/IMG/img_902.jpg,15.0,55
~/Desktop/AV/IMG/img_903.jpg,15.0,55
~/Desktop/AV/IMG/img_904.jpg,15.0,55
~/Desktop/AV/IMG/img_905.jpg,15.0,55
~/Desktop/AV/IMG/img_906.jpg,15.0,55
~/Desktop/AV/IMG/img_907.jpg,12.75,55
~/Desktop/AV/IMG/img_908.jpg,12.75,55
~/Desktop/AV/IMG/img_909.jpg,12.75,55
~/Desktop/AV/IMG/img_910.jpg,12.75,55
~/Desktop/AV/IMG/img_911.jpg,12.75,55
~/Desktop/AV/IMG/img_912.jpg,12.75,55
~/Desktop/AV/IMG/img_913.jpg,12.75,55
~/Desktop/AV/IMG/img_914.jpg,12.75,55
~/Desktop/AV/IMG/img_915.jpg,11.0,55
~/Desktop/AV/IMG/img_916.jpg,11.0,55
~/Desktop/AV/IMG/img_917.jpg,11.0,55
~/Desktop/AV/IMG/img_918.jpg,12.75,55
~/Desktop/AV/IMG/img_919.jpg,12.75,55
~/Desktop/AV/IMG/img_920.jpg,12.75,55
~/Desktop/AV/IMG/img_921.jpg,12.75,55
~/Desktop/AV/IMG/img_922.jpg,12.75,55
~/Desktop/AV/IMG/img_923.jpg,12.75,55
~/Desktop/AV/IMG/img_924.jpg,12.75,55
~/Desktop/AV/IMG/img_925.jpg,12.75,55
~/Desktop/AV/IMG/img_926.jpg,12.75,55
~/Desktop/AV/IMG/img_927.jpg,12.75,55
~/Desktop/AV/IMG/img_928.jpg,12.75,55
~/Desktop/AV/IMG/img_929.jpg,9.3,55
~/Desktop/AV/IMG/img_930.jpg,9.3,55
~/Desktop/AV/IMG/img_931.jpg,9.3,55
~/Desktop/AV/IMG/img_932.jpg,9.3,55
~/Desktop/AV/IMG/img_933.jpg,9.3,55
~/Desktop/AV/IMG/img_934.jpg,9.3,55
~/Desktop/AV/IMG/img_935.jpg,9.3,55
~/Desktop/AV/IMG/img_936.jpg,9.3,55
~/Desktop/AV/IMG/img_937.jpg,9.3,55
~/Desktop/AV/IMG/img_938.jpg,9.3,55
~/Desktop/AV/IMG/img_939.jpg,9.3,55
~/Desktop/AV/IMG/img_940.jpg,9.3,55
~/Desktop/AV/IMG/img_941.jpg,9.3,55
~/Desktop/AV/IMG/img_942.jpg,9.3,55
~/Desktop/AV/IMG/img_943.jpg,9.3,55
~/Desktop/AV/IMG/img_944.jpg,9.3,55
~/Desktop/AV/IMG/img_945.jpg,9.3,55
~/Desktop/AV/IMG/img_946.jpg,9.3,55
~/Desktop/AV/IMG/img_947.jpg,9.3,55
~/Desktop/AV/IMG/img_948.jpg,12.75,55
~/Desktop/AV/IMG/img_949.jpg,12.75,55
~/Desktop/AV/IMG/img_950.jpg,12.75,55
~/Desktop/AV/IMG/img_951.jpg,12.75,55
~/Desktop/AV/IMG/img_952.jpg,12.75,55
~/Desktop/AV/IMG/img_953.jpg,12.75,55
~/Desktop/AV/IMG/img_954.jpg,12.75,55
~/Desktop/AV/IMG/img_955.jpg,12.75,55
~/Desktop/AV/IMG/img_956.jpg,12.75,55
~/Desktop/AV/IMG/img_957.jpg,12.75,55
~/Desktop/AV/IMG/img_958.jpg,12.75,55
~/Desktop/AV/IMG/img_959.jpg,12.75,55
~/Desktop/AV/IMG/img_960.jpg,12.75,55
~/Desktop/AV/IMG/img_961.jpg,12.75,55
~/Desktop/AV/IMG/img_962.jpg,12.75,55
~/Desktop/AV/IMG/img_963.jpg,12.75,55
~/Desktop/AV/IMG/img_964.jpg,12.75,55
~/Desktop/AV/IMG/img_965.jpg,12.75,55
~/Desktop/AV/IMG/img_966.jpg,9.3,55
~/Desktop/AV/IMG/img_967.jpg,9.3,55
~/Desktop/AV/IMG/img_968.jpg,9.3,55
~/Desktop/AV/IMG/img_969.jpg,9.3,55
~/Desktop/AV/IMG/img_970.jpg,9.3,55
~/Desktop/AV/IMG/img_971.jpg,9.3,55
~/Desktop/AV/IMG/img_972.jpg,9.3,55
~/Desktop/AV/IMG/img_973.jpg,9.3,55
~/Desktop/AV/IMG/img_974.jpg,9.3,55
~/Desktop/AV/IMG/img_975.jpg,9.3,55
~/Desktop/AV/IMG/img_976.jpg,9.3,55
~/Desktop/AV/IMG/img_977.jpg,9.3,55
~/Desktop/AV/IMG/img_978.jpg,9.3,55
~/Desktop/AV/IMG/img_979.jpg,9.3,55
~/Desktop/AV/IMG/img_980.jpg,9.3,55
~/Desktop/AV/IMG/img_981.jpg,9.3,55
~/Desktop/AV/IMG/img_982.jpg,9.3,55
~/Desktop/AV/IMG/img_983.jpg,9.3,55
~/Desktop/AV/IMG/img_984.jpg,9.3,55
~/Desktop/AV/IMG/img_985.jpg,12.75,55
~/Desktop/AV/IMG/img_986.jpg,12.75,55
~/Desktop/AV/IMG/img_987.jpg,12.75,55
~/Desktop/AV/IMG/img_988.jpg,12.75,55
~/Desktop/AV/IMG/img_989.jpg,12.75,55
~/Desktop/AV/IMG/img_990.jpg,12.75,55
~/Desktop/AV/IMG/img_991.jpg,12.75,55
~/Desktop/AV/IMG/img_992.jpg,15.0,55
~/Desktop/AV/IMG/img_993.jpg,15.0,55
~/Desktop/AV/IMG/img_994.jpg,15.0,55
~/Desktop/AV/IMG/img_995.jpg,15.0,55
~/Desktop/AV/IMG/img_996.jpg,12.75,55
~/Desktop/AV/IMG/img_997.jpg,12.75,55
~/Desktop/AV/IMG/img_998.jpg,12.75,55
~/Desktop/AV/IMG/img_999.jpg,12.75,55
~/Desktop/AV/IMG/img_1000.jpg,12.75,55
~/Desktop/AV/IMG/img_1001.jpg,12.75,55
~/Desktop/AV/IMG/img_1002.jpg,12.75,55
~/Desktop/AV/IMG/img_1003.jpg,12.75,55
~/Desktop/AV/IMG/img_1004.jpg,12.75,55
~/Desktop/AV/IMG/img_1005.jpg,12.75,55
~/Desktop/AV/IMG/img_1006.jpg,12.75,55
~/Desktop/AV/IMG/img_1007.jpg,12.75,55
~/Desktop/AV/IMG/img_1008.jpg,12.75,55
~/Desktop/AV/IMG/img_1009.jpg,12.75,55
~/Desktop/AV/IMG/img_1010.jpg,12.75,55
~/Desktop/AV/IMG/img_1011.jpg,12.75,55
~/Desktop/AV/IMG/img_1012.jpg,12.75,55
~/Desktop/AV/IMG/img_1013.jpg,12.75,55
~/Desktop/AV/IMG/img_1014.jpg,12.75,55
~/Desktop/AV/IMG/img_1015.jpg,12.75,55
~/Desktop/AV/IMG/img_1016.jpg,12.75,55
~/Desktop/AV/IMG/img_1017.jpg,12.75,55
~/Desktop/AV/IMG/img_1018.jpg,12.75,55
~/Desktop/AV/IMG/img_1019.jpg,12.75,55
~/Desktop/AV/IMG/img_1020.jpg,12.75,55
~/Desktop/AV/IMG/img_1021.jpg,9.3,55
~/Desktop/AV/IMG/img_1022.jpg,9.3,55
~/Desktop/AV/IMG/img_1023.jpg,9.3,55
~/Desktop/AV/IMG/img_1024.jpg,9.3,55
~/Desktop/AV/IMG/img_1025.jpg,9.3,55
~/Desktop/AV/IMG/img_1026.jpg,9.3,55
~/Desktop/AV/IMG/img_1027.jpg,9.3,55
~/Desktop/AV/IMG/img_1028.jpg,9.3,55
~/Desktop/AV/IMG/img_1029.jpg,9.3,55
~/Desktop/AV/IMG/img_1030.jpg,9.3,55
~/Desktop/AV/IMG/img_1031.jpg,9.3,55
~/Desktop/AV/IMG/img_1032.jpg,9.3,55
~/Desktop/AV/IMG/img_1033.jpg,9.3,55
~/Desktop/AV/IMG/img_1034.jpg,9.3,55
~/Desktop/AV/IMG/img_1035.jpg,9.3,55
~/Desktop/AV/IMG/img_1036.jpg,9.3,55
~/Desktop/AV/IMG/img_1037.jpg,9.3,55
~/Desktop/AV/IMG/img_1038.jpg,9.3,55
~/Desktop/AV/IMG/img_1039.jpg,9.3,55
~/Desktop/AV/IMG/img_1040.jpg,9.3,55
~/Desktop/AV/IMG/img_1041.jpg,9.3,55
~/Desktop/AV/IMG/img_1042.jpg,9.3,55
~/Desktop/AV/IMG/img_1043.jpg,9.3,55
~/Desktop/AV/IMG/img_1044.jpg,9.3,55
~/Desktop/AV/IMG/img_1045.jpg,9.3,55
~/Desktop/AV/IMG/img_1046.jpg,12.75,55
~/Desktop/AV/IMG/img_1047.jpg,12.75,55
~/Desktop/AV/IMG/img_1048.jpg,12.75,55
~/Desktop/AV/IMG/img_1049.jpg,12.75,55
~/Desktop/AV/IMG/img_1050.jpg,12.75,55
~/Desktop/AV/IMG/img_1051.jpg,12.75,55
~/Desktop/AV/IMG/img_1052.jpg,12.75,55
~/Desktop/AV/IMG/img_1053.jpg,15.0,55
~/Desktop/AV/IMG/img_1054.jpg,15.0,55
~/Desktop/AV/IMG/img_1055.jpg,15.0,55
~/Desktop/AV/IMG/img_1056.jpg,15.0,55
~/Desktop/AV/IMG/img_1057.jpg,12.75,55
~/Desktop/AV/IMG/img_1058.jpg,12.75,55
~/Desktop/AV/IMG/img_1059.jpg,12.75,55
~/Desktop/AV/IMG/img_1060.jpg,12.75,55
~/Desktop/AV/IMG/img_1061.jpg,12.75,55
~/Desktop/AV/IMG/img_1062.jpg,9.3,55
~/Desktop/AV/IMG/img_1063.jpg,9.3,55
~/Desktop/AV/IMG/img_1064.jpg,9.3,55
~/Desktop/AV/IMG/img_1065.jpg,9.3,55
~/Desktop/AV/IMG/img_1066.jpg,9.3,55
~/Desktop/AV/IMG/img_1067.jpg,9.3,55
~/Desktop/AV/IMG/img_1068.jpg,9.3,55
~/Desktop/AV/IMG/img_1069.jpg,9.3,55
~/Desktop/AV/IMG/img_1070.jpg,9.3,55
~/Desktop/AV/IMG/img_1071.jpg,9.3,55
~/Desktop/AV/IMG/img_1072.jpg,9.3,55
~/Desktop/AV/IMG/img_1073.jpg,9.3,55
~/Desktop/AV/IMG/img_1074.jpg,9.3,55
~/Desktop/AV/IMG/img_1075.jpg,9.3,55
~/Desktop/AV/IMG/img_1076.jpg,9.3,55
~/Desktop/AV/IMG/img_1077.jpg,9.3,55
~/Desktop/AV/IMG/img_1078.jpg,9.3,55
~/Desktop/AV/IMG/img_1079.jpg,9.3,55
~/Desktop/AV/IMG/img_1080.jpg,9.3,55
~/Desktop/AV/IMG/img_1081.jpg,9.3,55
~/Desktop/AV/IMG/img_1082.jpg,9.3,55
~/Desktop/AV/IMG/img_1083.jpg,9.3,55
~/Desktop/AV/IMG/img_1084.jpg,9.3,55
~/Desktop/AV/IMG/img_1085.jpg,12.75,55
~/Desktop/AV/IMG/img_1086.jpg,12.75,55
~/Desktop/AV/IMG/img_1087.jpg,12.75,55
~/Desktop/AV/IMG/img_1088.jpg,12.75,55
~/Desktop/AV/IMG/img_1089.jpg,12.75,55
~/Desktop/AV/IMG/img_1090.jpg,12.75,55
~/Desktop/AV/IMG/img_1091.jpg,12.75,55
~/Desktop/AV/IMG/img_1092.jpg,12.75,55
~/Desktop/AV/IMG/img_1093.jpg,15.0,55
~/Desktop/AV/IMG/img_1094.jpg,15.0,55
~/Desktop/AV/IMG/img_1095.jpg,15.0,55
~/Desktop/AV/IMG/img_1096.jpg,15.0,55
~/Desktop/AV/IMG/img_1097.jpg,12.75,55
~/Desktop/AV/IMG/img_1098.jpg,12.75,55
~/Desktop/AV/IMG/img_1099.jpg,12.75,55
~/Desktop/AV/IMG/img_1100.jpg,12.75,55
~/Desktop/AV/IMG/img_1101.jpg,12.75,55
~/Desktop/AV/IMG/img_1102.jpg,12.75,55
~/Desktop/AV/IMG/img_1103.jpg,12.75,55
~/Desktop/AV/IMG/img_1104.jpg,12.75,55
~/Desktop/AV/IMG/img_1105.jpg,12.75,55
~/Desktop/AV/IMG/img_1106.jpg,12.75,55
~/Desktop/AV/IMG/img_1107.jpg,12.75,55
~/Desktop/AV/IMG/img_1108.jpg,12.75,55
~/Desktop/AV/IMG/img_1109.jpg,12.75,55
~/Desktop/AV/IMG/img_1110.jpg,12.75,55
~/Desktop/AV/IMG/img_1111.jpg,12.75,55
~/Desktop/AV/IMG/img_1112.jpg,12.75,55
~/Desktop/AV/IMG/img_1113.jpg,12.75,55
~/Desktop/AV/IMG/img_1114.jpg,12.75,55
~/Desktop/AV/IMG/img_1115.jpg,12.75,55
~/Desktop/AV/IMG/img_1116.jpg,12.75,55
~/Desktop/AV/IMG/img_1117.jpg,9.3,55
~/Desktop/AV/IMG/img_1118.jpg,9.3,55
~/Desktop/AV/IMG/img_1119.jpg,9.3,55
~/Desktop/AV/IMG/img_1120.jpg,9.3,55
~/Desktop/AV/IMG/img_1121.jpg,9.3,55
~/Desktop/AV/IMG/img_1122.jpg,9.3,55
~/Desktop/AV/IMG/img_1123.jpg,9.3,55
~/Desktop/AV/IMG/img_1124.jpg,9.3,55
~/Desktop/AV/IMG/img_1125.jpg,9.3,55
~/Desktop/AV/IMG/img_1126.jpg,9.3,55
~/Desktop/AV/IMG/img_1127.jpg,9.3,55
~/Desktop/AV/IMG/img_1128.jpg,9.3,55
~/Desktop/AV/IMG/img_1129.jpg,9.3,55
~/Desktop/AV/IMG/img_1130.jpg,9.3,55
~/Desktop/AV/IMG/img_1131.jpg,9.3,55
~/Desktop/AV/IMG/img_1132.jpg,9.3,55
~/Desktop/AV/IMG/img_1133.jpg,9.3,55
~/Desktop/AV/IMG/img_1134.jpg,9.3,55
~/Desktop/AV/IMG/img_1135.jpg,9.3,55
~/Desktop/AV/IMG/img_1136.jpg,9.3,55
~/Desktop/AV/IMG/img_1137.jpg,12.75,55
~/Desktop/AV/IMG/img_1138.jpg,12.75,55
~/Desktop/AV/IMG/img_1139.jpg,12.75,55
~/Desktop/AV/IMG/img_1140.jpg,12.75,55
~/Desktop/AV/IMG/img_1141.jpg,12.75,55
~/Desktop/AV/IMG/img_1142.jpg,12.75,55
~/Desktop/AV/IMG/img_1143.jpg,12.75,55
~/Desktop/AV/IMG/img_1144.jpg,12.75,55
~/Desktop/AV/IMG/img_1145.jpg,12.75,55
~/Desktop/AV/IMG/img_1146.jpg,11.0,55
~/Desktop/AV/IMG/img_1147.jpg,11.0,55
~/Desktop/AV/IMG/img_1148.jpg,11.0,55
~/Desktop/AV/IMG/img_1149.jpg,11.0,55
~/Desktop/AV/IMG/img_1150.jpg,11.0,55
~/Desktop/AV/IMG/img_1151.jpg,11.0,55
~/Desktop/AV/IMG/img_1152.jpg,11.0,55
~/Desktop/AV/IMG/img_1153.jpg,12.75,55
~/Desktop/AV/IMG/img_1154.jpg,12.75,55
~/Desktop/AV/IMG/img_1155.jpg,12.75,55
~/Desktop/AV/IMG/img_1156.jpg,12.75,55
~/Desktop/AV/IMG/img_1157.jpg,12.75,55
~/Desktop/AV/IMG/img_1158.jpg,9.3,55
~/Desktop/AV/IMG/img_1159.jpg,9.3,55
~/Desktop/AV/IMG/img_1160.jpg,9.3,55
~/Desktop/AV/IMG/img_1161.jpg,9.3,55
~/Desktop/AV/IMG/img_1162.jpg,9.3,55
~/Desktop/AV/IMG/img_1163.jpg,9.3,55
~/Desktop/AV/IMG/img_1164.jpg,9.3,55
~/Desktop/AV/IMG/img_1165.jpg,9.3,55
~/Desktop/AV/IMG/img_1166.jpg,9.3,55
~/Desktop/AV/IMG/img_1167.jpg,9.3,55
~/Desktop/AV/IMG/img_1168.jpg,9.3,55
~/Desktop/AV/IMG/img_1169.jpg,9.3,55
~/Desktop/AV/IMG/img_1170.jpg,9.3,55
~/Desktop/AV/IMG/img_1171.jpg,9.3,55
~/Desktop/AV/IMG/img_1172.jpg,9.3,55
~/Desktop/AV/IMG/img_1173.jpg,9.3,55
~/Desktop/AV/IMG/img_1174.jpg,9.3,55
~/Desktop/AV/IMG/img_1175.jpg,9.3,55
~/Desktop/AV/IMG/img_1176.jpg,12.75,55
~/Desktop/AV/IMG/img_1177.jpg,12.75,55
~/Desktop/AV/IMG/img_1178.jpg,12.75,55
~/Desktop/AV/IMG/img_1179.jpg,12.75,55
~/Desktop/AV/IMG/img_1180.jpg,12.75,55
~/Desktop/AV/IMG/img_1181.jpg,12.75,55
~/Desktop/AV/IMG/img_1182.jpg,12.75,55
~/Desktop/AV/IMG/img_1183.jpg,12.75,55
~/Desktop/AV/IMG/img_1184.jpg,12.75,55
~/Desktop/AV/IMG/img_1185.jpg,12.75,55
~/Desktop/AV/IMG/img_1186.jpg,12.75,55
~/Desktop/AV/IMG/img_1187.jpg,12.75,55
~/Desktop/AV/IMG/img_1188.jpg,15.0,55
~/Desktop/AV/IMG/img_1189.jpg,15.0,55
~/Desktop/AV/IMG/img_1190.jpg,15.0,55
~/Desktop/AV/IMG/img_1191.jpg,12.75,55
~/Desktop/AV/IMG/img_1192.jpg,12.75,55
~/Desktop/AV/IMG/img_1193.jpg,12.75,55
~/Desktop/AV/IMG/img_1194.jpg,12.75,55
~/Desktop/AV/IMG/img_1195.jpg,12.75,55
~/Desktop/AV/IMG/img_1196.jpg,12.75,55
~/Desktop/AV/IMG/img_1197.jpg,12.75,55
~/Desktop/AV/IMG/img_1198.jpg,12.75,55
~/Desktop/AV/IMG/img_1199.jpg,12.75,55
~/Desktop/AV/IMG/img_1200.jpg,12.75,55
~/Desktop/AV/IMG/img_1201.jpg,12.75,55
~/Desktop/AV/IMG/img_1202.jpg,12.75,55
~/Desktop/AV/IMG/img_1203.jpg,12.75,55
~/Desktop/AV/IMG/img_1204.jpg,12.75,55
~/Desktop/AV/IMG/img_1205.jpg,12.75,55
~/Desktop/AV/IMG/img_1206.jpg,12.75,55
~/Desktop/AV/IMG/img_1207.jpg,12.75,55
~/Desktop/AV/IMG/img_1208.jpg,12.75,55
~/Desktop/AV/IMG/img_1209.jpg,12.75,55
~/Desktop/AV/IMG/img_1210.jpg,12.75,55
~/Desktop/AV/IMG/img_1211.jpg,12.75,55
~/Desktop/AV/IMG/img_1212.jpg,9.3,55
~/Desktop/AV/IMG/img_1213.jpg,9.3,55
~/Desktop/AV/IMG/img_1214.jpg,9.3,55
~/Desktop/AV/IMG/img_1215.jpg,9.3,55
~/Desktop/AV/IMG/img_1216.jpg,9.3,55
~/Desktop/AV/IMG/img_1217.jpg,9.3,55
~/Desktop/AV/IMG/img_1218.jpg,9.3,55
~/Desktop/AV/IMG/img_1219.jpg,9.3,55
~/Desktop/AV/IMG/img_1220.jpg,9.3,55
~/Desktop/AV/IMG/img_1221.jpg,9.3,55
~/Desktop/AV/IMG/img_1222.jpg,9.3,55
~/Desktop/AV/IMG/img_1223.jpg,9.3,55
~/Desktop/AV/IMG/img_1224.jpg,9.3,55
~/Desktop/AV/IMG/img_1225.jpg,9.3,55
~/Desktop/AV/IMG/img_1226.jpg,9.3,55
~/Desktop/AV/IMG/img_1227.jpg,9.3,55
~/Desktop/AV/IMG/img_1228.jpg,9.3,55
~/Desktop/AV/IMG/img_1229.jpg,9.3,55
~/Desktop/AV/IMG/img_1230.jpg,9.3,55
~/Desktop/AV/IMG/img_1231.jpg,9.3,55
~/Desktop/AV/IMG/img_1232.jpg,9.3,55
~/Desktop/AV/IMG/img_1233.jpg,9.3,55
~/Desktop/AV/IMG/img_1234.jpg,9.3,55
~/Desktop/AV/IMG/img_1235.jpg,9.3,55
~/Desktop/AV/IMG/img_1236.jpg,9.3,55
~/Desktop/AV/IMG/img_1237.jpg,12.75,55
~/Desktop/AV/IMG/img_1238.jpg,12.75,55
~/Desktop/AV/IMG/img_1239.jpg,12.75,55
~/Desktop/AV/IMG/img_1240.jpg,12.75,55
~/Desktop/AV/IMG/img_1241.jpg,12.75,55
~/Desktop/AV/IMG/img_1242.jpg,12.75,55
~/Desktop/AV/IMG/img_1243.jpg,15.0,55
~/Desktop/AV/IMG/img_1244.jpg,15.0,55
~/Desktop/AV/IMG/img_1245.jpg,15.0,55
~/Desktop/AV/IMG/img_1246.jpg,12.75,55
~/Desktop/AV/IMG/img_1247.jpg,12.75,55
~/Desktop/AV/IMG/img_1248.jpg,12.75,55
~/Desktop/AV/IMG/img_1249.jpg,12.75,55
~/Desktop/AV/IMG/img_1250.jpg,12.75,55
~/Desktop/AV/IMG/img_1251.jpg,12.75,55
~/Desktop/AV/IMG/img_1252.jpg,12.75,55
~/Desktop/AV/IMG/img_1253.jpg,12.75,55
~/Desktop/AV/IMG/img_1254.jpg,9.3,55
~/Desktop/AV/IMG/img_1255.jpg,9.3,55
~/Desktop/AV/IMG/img_1256.jpg,9.3,55
~/Desktop/AV/IMG/img_1257.jpg,9.3,55
~/Desktop/AV/IMG/img_1258.jpg,9.3,55
~/Desktop/AV/IMG/img_1259.jpg,9.3,55
~/Desktop/AV/IMG/img_1260.jpg,9.3,55
~/Desktop/AV/IMG/img_1261.jpg,9.3,55
~/Desktop/AV/IMG/img_1262.jpg,9.3,55
~/Desktop/AV/IMG/img_1263.jpg,9.3,55
~/Desktop/AV/IMG/img_1264.jpg,9.3,55
~/Desktop/AV/IMG/img_1265.jpg,9.3,55
~/Desktop/AV/IMG/img_1266.jpg,9.3,55
~/Desktop/AV/IMG/img_1267.jpg,9.3,55
~/Desktop/AV/IMG/img_1268.jpg,9.3,55
~/Desktop/AV/IMG/img_1269.jpg,9.3,55
~/Desktop/AV/IMG/img_1270.jpg,9.3,55
~/Desktop/AV/IMG/img_1271.jpg,9.3,55
~/Desktop/AV/IMG/img_1272.jpg,9.3,55
~/Desktop/AV/IMG/img_1273.jpg,9.3,55
~/Desktop/AV/IMG/img_1274.jpg,9.3,55
~/Desktop/AV/IMG/img_1275.jpg,9.3,55
~/Desktop/AV/IMG/img_1276.jpg,9.3,55
~/Desktop/AV/IMG/img_1277.jpg,9.3,55
~/Desktop/AV/IMG/img_1278.jpg,9.3,55
~/Desktop/AV/IMG/img_1279.jpg,9.3,55
~/Desktop/AV/IMG/img_1280.jpg,9.3,55
~/Desktop/AV/IMG/img_1281.jpg,9.3,55
~/Desktop/AV/IMG/img_1282.jpg,9.3,55
~/Desktop/AV/IMG/img_1283.jpg,9.3,55
~/Desktop/AV/IMG/img_1284.jpg,12.75,55
~/Desktop/AV/IMG/img_1285.jpg,12.75,55
~/Desktop/AV/IMG/img_1286.jpg,12.75,55
~/Desktop/AV/IMG/img_1287.jpg,12.75,55
~/Desktop/AV/IMG/img_1288.jpg,12.75,55
~/Desktop/AV/IMG/img_1289.jpg,12.75,55
~/Desktop/AV/IMG/img_1290.jpg,15.0,55
~/Desktop/AV/IMG/img_1291.jpg,15.0,55
~/Desktop/AV/IMG/img_1292.jpg,15.0,55
~/Desktop/AV/IMG/img_1293.jpg,15.0,55
~/Desktop/AV/IMG/img_1294.jpg,15.0,55
~/Desktop/AV/IMG/img_1295.jpg,15.0,55
~/Desktop/AV/IMG/img_1296.jpg,15.0,55
~/Desktop/AV/IMG/img_1297.jpg,15.0,55
~/Desktop/AV/IMG/img_1298.jpg,15.0,55
~/Desktop/AV/IMG/img_1299.jpg,15.0,55
~/Desktop/AV/IMG/img_1300.jpg,15.0,55
~/Desktop/AV/IMG/img_1301.jpg,15.0,55
~/Desktop/AV/IMG/img_1302.jpg,15.0,55
~/Desktop/AV/IMG/img_1303.jpg,15.0,55
~/Desktop/AV/IMG/img_1304.jpg,15.0,55
~/Desktop/AV/IMG/img_1305.jpg,15.0,55
~/Desktop/AV/IMG/img_1306.jpg,15.0,55
~/Desktop/AV/IMG/img_1307.jpg,15.0,55
~/Desktop/AV/IMG/img_1308.jpg,15.0,55
~/Desktop/AV/IMG/img_1309.jpg,15.0,55
~/Desktop/AV/IMG/img_1310.jpg,15.0,55
~/Desktop/AV/IMG/img_1311.jpg,15.0,55
~/Desktop/AV/IMG/img_1312.jpg,12.75,55
~/Desktop/AV/IMG/img_1313.jpg,12.75,55
~/Desktop/AV/IMG/img_1314.jpg,12.75,55
~/Desktop/AV/IMG/img_1315.jpg,9.3,55
~/Desktop/AV/IMG/img_1316.jpg,9.3,55
~/Desktop/AV/IMG/img_1317.jpg,9.3,55
~/Desktop/AV/IMG/img_1318.jpg,9.3,55
~/Desktop/AV/IMG/img_1319.jpg,9.3,55
~/Desktop/AV/IMG/img_1320.jpg,9.3,55
~/Desktop/AV/IMG/img_1321.jpg,9.3,55
~/Desktop/AV/IMG/img_1322.jpg,9.3,55
~/Desktop/AV/IMG/img_1323.jpg,9.3,55
~/Desktop/AV/IMG/img_1324.jpg,9.3,55
~/Desktop/AV/IMG/img_1325.jpg,9.3,55
~/Desktop/AV/IMG/img_1326.jpg,9.3,55
~/Desktop/AV/IMG/img_1327.jpg,9.3,55
~/Desktop/AV/IMG/img_1328.jpg,9.3,55
~/Desktop/AV/IMG/img_1329.jpg,9.3,55
~/Desktop/AV/IMG/img_1330.jpg,9.3,55
~/Desktop/AV/IMG/img_1331.jpg,9.3,55
~/Desktop/AV/IMG/img_1332.jpg,9.3,55
~/Desktop/AV/IMG/img_1333.jpg,9.3,55
~/Desktop/AV/IMG/img_1334.jpg,9.3,55
~/Desktop/AV/IMG/img_1335.jpg,9.3,55
~/Desktop/AV/IMG/img_1336.jpg,9.3,55
~/Desktop/AV/IMG/img_1337.jpg,9.3,55
~/Desktop/AV/IMG/img_1338.jpg,9.3,55
~/Desktop/AV/IMG/img_1339.jpg,9.3,55
~/Desktop/AV/IMG/img_1340.jpg,9.3,55
~/Desktop/AV/IMG/img_1341.jpg,9.3,55
~/Desktop/AV/IMG/img_1342.jpg,9.3,55
~/Desktop/AV/IMG/img_1343.jpg,9.3,55
~/Desktop/AV/IMG/img_1344.jpg,9.3,55
~/Desktop/AV/IMG/img_1345.jpg,9.3,55
~/Desktop/AV/IMG/img_1346.jpg,9.3,55
~/Desktop/AV/IMG/img_1347.jpg,9.3,55
~/Desktop/AV/IMG/img_1348.jpg,9.3,55
~/Desktop/AV/IMG/img_1349.jpg,12.75,55
~/Desktop/AV/IMG/img_1350.jpg,12.75,55
~/Desktop/AV/IMG/img_1351.jpg,12.75,55
~/Desktop/AV/IMG/img_1352.jpg,12.75,55
~/Desktop/AV/IMG/img_1353.jpg,12.75,55
~/Desktop/AV/IMG/img_1354.jpg,12.75,55
~/Desktop/AV/IMG/img_1355.jpg,12.75,55
~/Desktop/AV/IMG/img_1356.jpg,12.75,55
~/Desktop/AV/IMG/img_1357.jpg,12.75,55
~/Desktop/AV/IMG/img_1358.jpg,12.75,55
~/Desktop/AV/IMG/img_1359.jpg,12.75,55
~/Desktop/AV/IMG/img_1360.jpg,12.75,55
~/Desktop/AV/IMG/img_1361.jpg,12.75,55
~/Desktop/AV/IMG/img_1362.jpg,12.75,55
~/Desktop/AV/IMG/img_1363.jpg,12.75,55
~/Desktop/AV/IMG/img_1364.jpg,12.75,55
~/Desktop/AV/IMG/img_1365.jpg,12.75,55
~/Desktop/AV/IMG/img_1366.jpg,9.3,55
~/Desktop/AV/IMG/img_1367.jpg,9.3,55
~/Desktop/AV/IMG/img_1368.jpg,9.3,55
~/Desktop/AV/IMG/img_1369.jpg,9.3,55
~/Desktop/AV/IMG/img_1370.jpg,9.3,55
~/Desktop/AV/IMG/img_1371.jpg,9.3,55
~/Desktop/AV/IMG/img_1372.jpg,9.3,55
~/Desktop/AV/IMG/img_1373.jpg,9.3,55
~/Desktop/AV/IMG/img_1374.jpg,9.3,55
~/Desktop/AV/IMG/img_1375.jpg,9.3,55
~/Desktop/AV/IMG/img_1376.jpg,9.3,55
~/Desktop/AV/IMG/img_1377.jpg,9.3,55
~/Desktop/AV/IMG/img_1378.jpg,9.3,55
~/Desktop/AV/IMG/img_1379.jpg,9.3,55
~/Desktop/AV/IMG/img_1380.jpg,9.3,55
~/Desktop/AV/IMG/img_1381.jpg,9.3,55
~/Desktop/AV/IMG/img_1382.jpg,12.75,55
~/Desktop/AV/IMG/img_1383.jpg,12.75,55
~/Desktop/AV/IMG/img_1384.jpg,12.75,55
~/Desktop/AV/IMG/img_1385.jpg,12.75,55
~/Desktop/AV/IMG/img_1386.jpg,12.75,55
~/Desktop/AV/IMG/img_1387.jpg,12.75,55
~/Desktop/AV/IMG/img_1388.jpg,12.75,55
~/Desktop/AV/IMG/img_1389.jpg,12.75,55
~/Desktop/AV/IMG/img_1390.jpg,12.75,55
~/Desktop/AV/IMG/img_1391.jpg,12.75,55
~/Desktop/AV/IMG/img_1392.jpg,12.75,55
~/Desktop/AV/IMG/img_1393.jpg,12.75,55
~/Desktop/AV/IMG/img_1394.jpg,12.75,55
~/Desktop/AV/IMG/img_1395.jpg,15.0,55
~/Desktop/AV/IMG/img_1396.jpg,15.0,55
~/Desktop/AV/IMG/img_1397.jpg,15.0,55
~/Desktop/AV/IMG/img_1398.jpg,12.75,55
~/Desktop/AV/IMG/img_1399.jpg,12.75,55
~/Desktop/AV/IMG/img_1400.jpg,12.75,55
~/Desktop/AV/IMG/img_1401.jpg,12.75,55
~/Desktop/AV/IMG/img_1402.jpg,12.75,55
~/Desktop/AV/IMG/img_1403.jpg,12.75,55
~/Desktop/AV/IMG/img_1404.jpg,12.75,55
~/Desktop/AV/IMG/img_1405.jpg,12.75,55
~/Desktop/AV/IMG/img_1406.jpg,12.75,55
~/Desktop/AV/IMG/img_1407.jpg,12.75,55
~/Desktop/AV/IMG/img_1408.jpg,12.75,55
~/Desktop/AV/IMG/img_1409.jpg,12.75,55
~/Desktop/AV/IMG/img_1410.jpg,12.75,55
~/Desktop/AV/IMG/img_1411.jpg,12.75,55
~/Desktop/AV/IMG/img_1412.jpg,12.75,55
~/Desktop/AV/IMG/img_1413.jpg,12.75,55
~/Desktop/AV/IMG/img_1414.jpg,9.3,55
~/Desktop/AV/IMG/img_1415.jpg,9.3,55
~/Desktop/AV/IMG/img_1416.jpg,9.3,55
~/Desktop/AV/IMG/img_1417.jpg,9.3,55
~/Desktop/AV/IMG/img_1418.jpg,9.3,55
~/Desktop/AV/IMG/img_1419.jpg,9.3,55
~/Desktop/AV/IMG/img_1420.jpg,9.3,55
~/Desktop/AV/IMG/img_1421.jpg,9.3,55
~/Desktop/AV/IMG/img_1422.jpg,9.3,55
~/Desktop/AV/IMG/img_1423.jpg,9.3,55
~/Desktop/AV/IMG/img_1424.jpg,9.3,55
~/Desktop/AV/IMG/img_1425.jpg,9.3,55
~/Desktop/AV/IMG/img_1426.jpg,9.3,55
~/Desktop/AV/IMG/img_1427.jpg,9.3,55
~/Desktop/AV/IMG/img_1428.jpg,9.3,55
~/Desktop/AV/IMG/img_1429.jpg,9.3,55
~/Desktop/AV/IMG/img_1430.jpg,9.3,55
~/Desktop/AV/IMG/img_1431.jpg,9.3,55
~/Desktop/AV/IMG/img_1432.jpg,9.3,55
~/Desktop/AV/IMG/img_1433.jpg,9.3,55
~/Desktop/AV/IMG/img_1434.jpg,9.3,55
~/Desktop/AV/IMG/img_1435.jpg,9.3,55
~/Desktop/AV/IMG/img_1436.jpg,12.75,55
~/Desktop/AV/IMG/img_1437.jpg,12.75,55
~/Desktop/AV/IMG/img_1438.jpg,12.75,55
~/Desktop/AV/IMG/img_1439.jpg,12.75,55
~/Desktop/AV/IMG/img_1440.jpg,12.75,55
~/Desktop/AV/IMG/img_1441.jpg,12.75,55
~/Desktop/AV/IMG/img_1442.jpg,12.75,55
~/Desktop/AV/IMG/img_1443.jpg,12.75,55
~/Desktop/AV/IMG/img_1444.jpg,12.75,55
~/Desktop/AV/IMG/img_1445.jpg,12.75,55
~/Desktop/AV/IMG/img_1446.jpg,12.75,55
~/Desktop/AV/IMG/img_1447.jpg,12.75,55
~/Desktop/AV/IMG/img_1448.jpg,12.75,55
~/Desktop/AV/IMG/img_1449.jpg,12.75,55
~/Desktop/AV/IMG/img_1450.jpg,12.75,55
~/Desktop/AV/IMG/img_1451.jpg,12.75,55
~/Desktop/AV/IMG/img_1452.jpg,12.75,55
~/Desktop/AV/IMG/img_1453.jpg,12.75,55
~/Desktop/AV/IMG/img_1454.jpg,12.75,55
~/Desktop/AV/IMG/img_1455.jpg,12.75,55
~/Desktop/AV/IMG/img_1456.jpg,9.3,55
~/Desktop/AV/IMG/img_1457.jpg,9.3,55
~/Desktop/AV/IMG/img_1458.jpg,9.3,55
~/Desktop/AV/IMG/img_1459.jpg,9.3,55
~/Desktop/AV/IMG/img_1460.jpg,9.3,55
~/Desktop/AV/IMG/img_1461.jpg,9.3,55
~/Desktop/AV/IMG/img_1462.jpg,9.3,55
~/Desktop/AV/IMG/img_1463.jpg,9.3,55
~/Desktop/AV/IMG/img_1464.jpg,9.3,55
~/Desktop/AV/IMG/img_1465.jpg,9.3,55
~/Desktop/AV/IMG/img_1466.jpg,9.3,55
~/Desktop/AV/IMG/img_1467.jpg,9.3,55
~/Desktop/AV/IMG/img_1468.jpg,9.3,55
~/Desktop/AV/IMG/img_1469.jpg,9.3,55
~/Desktop/AV/IMG/img_1470.jpg,9.3,55
~/Desktop/AV/IMG/img_1471.jpg,9.3,55
~/Desktop/AV/IMG/img_1472.jpg,9.3,55
~/Desktop/AV/IMG/img_1473.jpg,9.3,55
~/Desktop/AV/IMG/img_1474.jpg,9.3,55
~/Desktop/AV/IMG/img_1475.jpg,12.75,55
~/Desktop/AV/IMG/img_1476.jpg,12.75,55
~/Desktop/AV/IMG/img_1477.jpg,12.75,55
~/Desktop/AV/IMG/img_1478.jpg,12.75,55
~/Desktop/AV/IMG/img_1479.jpg,12.75,55
~/Desktop/AV/IMG/img_1480.jpg,12.75,55
~/Desktop/AV/IMG/img_1481.jpg,12.75,55
~/Desktop/AV/IMG/img_1482.jpg,12.75,55
~/Desktop/AV/IMG/img_1483.jpg,12.75,55
~/Desktop/AV/IMG/img_1484.jpg,12.75,55
~/Desktop/AV/IMG/img_1485.jpg,12.75,55
~/Desktop/AV/IMG/img_1486.jpg,15.0,55
~/Desktop/AV/IMG/img_1487.jpg,15.0,55
~/Desktop/AV/IMG/img_1488.jpg,15.0,55
~/Desktop/AV/IMG/img_1489.jpg,15.0,55
~/Desktop/AV/IMG/img_1490.jpg,15.0,55
~/Desktop/AV/IMG/img_1491.jpg,12.75,55
~/Desktop/AV/IMG/img_1492.jpg,12.75,55
~/Desktop/AV/IMG/img_1493.jpg,12.75,55
~/Desktop/AV/IMG/img_1494.jpg,12.75,55
~/Desktop/AV/IMG/img_1495.jpg,12.75,55
